domain,lastSeenOn
-_mara_-.rice.edu,2025-05-03
0.rice.edu,2025-05-03
011-0001-slt-c9.rice.edu,2025-05-03
09ac01af13220b1k.rice.edu,2025-05-03
09ac01af142201ky.rice.edu,2025-05-03
09ac01af312205x0.rice.edu,2025-05-03
100x100-rice01.cs.rice.edu,2025-05-03
123.sec.rice.edu,2024-12-11
1571paris.rice.edu,2025-08-01
2012sppconference.blogs.rice.edu,2026-07-16
2012sppconference.rice.edu,2026-09-13
2014chbe281.blogs.rice.edu,2024-12-11
2023ricehartconference.blogs.rice.edu,2026-07-16
2023synbioworkshop.rice.edu,2026-09-19
21081111rg.rice.edu,2025-05-03
2508776c01c0b892.rice.edu,2025-05-03
2ndannualantimicrobialresistanceandguthealthsymposium.blogs.rice.edu,2025-05-24
2ndannualtexasmedicalcenteramrandstewardshipconference.blogs.rice.edu,2024-12-11
2wm.rice.edu,2025-05-03
360-yogap40.rice.edu,2025-05-03
3ct.blogs.rice.edu,2024-12-11
3dml.rice.edu,2026-09-14
3kn4wf1.rice.edu,2025-05-03
3mt.rice.edu,2026-09-19
3para-sp.rice.edu,2025-05-03
3parb-sp.rice.edu,2025-05-03
3parm-sp.rice.edu,2025-05-03
500iv.rice.edu,2025-05-03
5thworkshop.rice.edu,2026-09-17
600iv.rice.edu,2025-05-03
728147rgaclubhouse.rice.edu,2025-05-03
728147rgatvroom.rice.edu,2025-05-03
7xe_cs24170408023.rice.edu,2025-05-03
7xe_ftm501e190660379.rice.edu,2025-05-03
800as.rice.edu,2025-05-03
800iv.rice.edu,2025-05-03
8509c3bd-8471-4521-88bb-61ec8abf4c2c.rice.edu,2025-05-03
90secondthesis.rice.edu,2026-09-24
9774d56d682e549c.rice.edu,2025-05-03
ADRice-Exch01.ad.rice.edu,2024-12-11
ADRice-Exch02.ad.rice.edu,2024-12-11
Rice-Cisco-Port24.smu.rice.edu,2025-05-03
SEP0896AD57F2A2.rice.edu,2024-12-11
SP-Front-End-1.ad.rice.edu,2024-12-11
a-dell.rice.edu,2025-05-03
a03-milik-bariq.rice.edu,2025-05-03
a13-de-maria.rice.edu,2025-05-03
a13-de-melida.rice.edu,2025-05-03
a16.spf.rice.edu,2024-12-11
a24.spf.rice.edu,2024-12-11
aaaa-rol-one.rice.edu,2025-05-03
aachan.web.rice.edu,2024-12-11
aakaankshaa-pc.rice.edu,2025-05-03
aapg.rice.edu,2024-12-11
aart.rice.edu,2024-12-11
aaz.blogs.rice.edu,2024-12-11
aaz.rice.edu,2026-09-13
abarman.rice.edu,2026-09-13
abbas-s-s21.rice.edu,2025-05-03
abc-apbh.rice.edu,2025-05-03
abeer.recg.rice.edu,2025-05-03
abl0026998pb853.rice.edu,2025-05-03
abolition.blogs.rice.edu,2024-12-11
about.blogs.rice.edu,2024-12-11
abp-120-141.rice.edu,2025-05-03
abroad.rice.edu,2025-05-24
abroadtd.rice.edu,2026-09-28
abulafia.rice.edu,2025-05-03
abw-frntw.rice.edu,2025-05-03
abyss.rice.edu,2025-05-03
ac-els-cdn-com.ezproxy.rice.edu,2024-12-11
ac.rice.edu,2025-05-03
ac3.rice.edu,2025-05-03
ac43.rice.edu,2026-09-13
academic-oup-com.ezproxy.rice.edu,2024-12-11
acc-classm-216.rice.edu,2025-05-03
accelerate.rice.edu,2026-09-28
accelerator.rice.edu,2026-09-28
access.rice.edu,2026-10-03
accessgrid.rice.edu,2025-05-03
accreditation.rice.edu,2026-09-19
accurate-voting.rice.edu,2024-12-11
ace.rice.edu,2026-09-19
aces.ece.rice.edu,2025-05-03
acaci.rice.edu,2026-10-02
acme-proxy.crc.rice.edu,2026-09-03
aconcagua.rice.edu,2025-05-03
acquarone.rice.edu,2026-09-13
acropolis.ece.rice.edu,2024-12-11
acs.rice.edu,2026-02-12
act.rice.edu,2024-12-11
activate.rice.edu,2025-05-07
activeed.rice.edu,2025-05-03
activities.rice.edu,2024-12-11
ad.rice.edu,2026-03-06
adaccount.rice.edu,2025-05-03
adam.ece.rice.edu,2024-12-11
adam2.ece.rice.edu,2025-05-03
adams-apparatus.rice.edu,2025-05-03
additive.rice.edu,2025-05-30
addns-di3.rice.edu,2025-05-03
addnsdi.rice.edu,2024-12-11
adelina.rice.edu,2026-09-13
admin-n1.ise.rice.edu,2026-03-03
admin106.rice.edu,2025-05-03
adminforum.rice.edu,2026-09-30
adminweb.rice.edu,2025-05-03
admission.blogs.rice.edu,2026-07-16
admission.rice.edu,2025-05-24
admissions.rice.edu,2026-09-29
admit.rice.edu,2025-05-03
admittedowls.rice.edu,2026-09-07
admsys-vcsa.rice.edu,2025-05-03
admsys.rice.edu,2026-10-01
adnans-mbp.rice.edu,2025-05-03
adprint-di2.rice.edu,2025-05-03
adprint.rice.edu,2025-05-03
adprintdi.rice.edu,2025-05-03
adrice-exch01.ad.rice.edu,2026-02-01
adrice-exch02.ad.rice.edu,2026-02-01
adrice-me.ad.rice.edu,2025-10-01
adrice-me.rice.edu,2026-09-30
adrice.rice.edu,2025-05-03
adriceadmin.rice.edu,2025-05-03
adservers.rice.edu,2025-05-03
adserversdev.rice.edu,2024-12-11
adterm-di1.rice.edu,2024-12-11
adterm-di2.rice.edu,2025-05-03
adterm-n1.rice.edu,2025-05-03
adterm-n2.rice.edu,2025-05-03
adterm.rice.edu,2025-05-03
adtools.ad.rice.edu,2025-10-01
adtools.rice.edu,2025-10-01
advance.oma.rice.edu,2024-12-11
aeeo.rice.edu,2026-09-18
ael0b114fy4g082.rice.edu,2025-05-03
aero.rice.edu,2025-05-03
aeronca.rice.edu,2025-05-03
aerosaplings.rice.edu,2026-09-19
aess-argos-dev.rice.edu,2026-03-12
aess-argos.rice.edu,2026-03-12
aess-club-rpts.rice.edu,2025-05-03
aess-paess-paess-paess-paess-wiki.rice.edu,2025-05-03
aess-wspaess-wspaffligem.cs.rice.edu,2025-05-03
africanstudies.rice.edu,2026-09-18
afs-win-sam420.rice.edu,2025-05-03
aftercovid.rice.edu,2026-09-13
afterqueerhumanism.blogs.rice.edu,2024-12-11
ag.rice.edu,2025-05-03
agape.rice.edu,2024-12-11
agate.clear7.rice.edu,2024-12-11
agate.clear9.rice.edu,2026-07-17
agent-sso-ext.rice.edu,2025-05-03
agep-morpheus.rice.edu,2025-05-03
agep.rice.edu,2025-05-03
agni.cs.rice.edu,2025-05-03
agt2.web.rice.edu,2024-12-11
agus.rice.edu,2025-05-03
ahayashi.blogs.rice.edu,2024-12-11
ahitagni.rice.edu,2025-05-13
ahmad.recg.rice.edu,2025-05-03
ahri.rice.edu,2025-05-03
ai-datascience.rice.edu,2026-09-13
ai-gateway.development.platform.rice.edu,2026-09-30
ai-tool-advisor.development.platform.rice.edu,2026-09-25
ai.blogs.rice.edu,2024-12-11
ai.rice.edu,2026-10-03
ai4climaterrr.rice.edu,2025-12-26
ai4urbanresilience.rice.edu,2026-09-23
aiaa.rice.edu,2026-09-17
aiche.rice.edu,2026-09-08
aie.rice.edu,2025-05-24
aiethics-workshop.rice.edu,2026-09-23
aih.rice.edu,2026-09-28
aihc.rice.edu,2026-09-15
aihealthconference.rice.edu,2026-09-22
aihouston.rice.edu,2026-10-01
aiii.rice.edu,2025-05-03
aikido.rice.edu,2026-09-08
aiml.rice.edu,2025-05-24
air.rice.edu,2026-09-19
ajayan.blogs.rice.edu,2024-12-11
ajayan.rice.edu,2026-10-02
ajhirning.rice.edu,2026-09-08
ajofranklin.rice.edu,2026-09-25
akane.sano.web.rice.edu,2024-12-11
akanesano.rice.edu,2026-09-22
akawaio.rice.edu,2025-05-03
akebono.rice.edu,2025-05-03
akersheart.rice.edu,2026-09-13
akf1.web.rice.edu,2026-07-16
akshay_r.rice.edu,2025-05-03
alanine.rice.edu,2025-05-03
alcoholpolicy.rice.edu,2025-05-24
alcycone.rice.edu,2025-05-03
ale.rice.edu,2025-05-03
aleman.blogs.rice.edu,2024-12-11
alemany.rice.edu,2025-05-03
alessandro-s-s21.rice.edu,2025-05-03
alex-kangs-mbp.rice.edu,2025-05-03
alex-pdc.rice.edu,2025-05-03
alfonso-e-s-s23-ultra.rice.edu,2025-05-03
alices-air.rice.edu,2025-05-03
alicia.rice.edu,2025-05-03
alim.blogs.rice.edu,2024-12-11
alina-pc.rice.edu,2025-05-03
alive.rice.edu,2026-09-22
alizays-air.rice.edu,2025-05-03
allegro.ceve.rice.edu,2025-05-03
allencenter440c.rice.edu,2025-05-03
alliance-stage.rice.edu,2024-12-11
alliance.rice.edu,2026-02-07
allyatrice.blogs.rice.edu,2024-12-11
alm-dell-xps.rice.edu,2025-05-03
almostconvergent.blogs.rice.edu,2024-12-11
aln002504p3dq1.rice.edu,2025-05-03
aln1c4yw33.rice.edu,2025-05-03
alpaca.rice.edu,2025-05-03
alps.rice.edu,2025-05-03
alternatecurrents.blogs.rice.edu,2024-12-11
altius.rice.edu,2025-05-03
altruism.rice.edu,2026-01-27
alum-1.rice.edu,2025-05-03
alum-3.rice.edu,2025-05-03
alum-4.rice.edu,2025-05-03
alumaffairs-1.rice.edu,2025-05-03
alumni-off-gw.rice.edu,2024-12-11
alumni.rice.edu,2025-05-24
alumniweekend.rice.edu,2026-09-19
alvarez.blogs.rice.edu,2024-12-11
alvarez.rice.edu,2026-09-08
alzbuddies.blogs.rice.edu,2024-12-11
alzbuddies.rice.edu,2026-09-18
amadeus.rice.edu,2025-05-03
amalthea.cs.rice.edu,2025-05-03
aman-s-a53.rice.edu,2025-05-03
amandajohnson.rice.edu,2026-10-02
amandalap.rice.edu,2025-05-03
amando-s-s10.rice.edu,2025-05-03
amarti.web.rice.edu,2024-12-11
amber.clear7.rice.edu,2024-12-11
amber.clear9.rice.edu,2026-07-17
amc.rice.edu,2025-05-24
amd1.cs.rice.edu,2025-05-03
amd2.cs.rice.edu,2025-05-03
amdigital.co.uk.ezproxy.rice.edu,2024-12-11
americascolloquium.rice.edu,2024-12-11
americium.rice.edu,2025-05-03
amicablekitten.rice.edu,2025-05-03
amicablemagpie.rice.edu,2025-05-03
amirali.rice.edu,2026-09-19
amjohn.rice.edu,2025-05-03
amotheory.rice.edu,2026-09-08
ampere.rice.edu,2025-05-03
ampt.rice.edu,2026-09-23
amr2018.blogs.rice.edu,2024-12-11
amri3-thinkpad-t510.rice.edu,2025-05-03
ams.org.ezproxy.rice.edu,2025-05-24
ams.rice.edu,2026-07-16
ams.rice.edu.ezproxy.rice.edu,2024-12-11
amsdesk.rice.edu,2025-05-03
amsterdam.rice.edu,2025-05-03
amyloid.rice.edu,2026-07-16
amys-mbp.rice.edu,2025-05-03
amyshaw.rice.edu,2026-09-08
ananda.rice.edu,2025-05-03
ananke.cs.rice.edu,2025-05-03
ancs2013.rice.edu,2024-12-11
andre1.cs.rice.edu,2025-05-03
andreas3.rice.edu,2025-05-03
andreasplewatch.rice.edu,2025-05-03
andrewschaefer.rice.edu,2026-09-22
angel-angela-s-s21.rice.edu,2025-05-03
angela-s-s22.rice.edu,2025-05-03
angieleroy.rice.edu,2026-09-18
animalresource.blogs.rice.edu,2024-12-11
anime.rice.edu,2026-10-02
annas-air.rice.edu,2025-05-03
annie.stat.rice.edu,2025-05-03
annies-air-3.rice.edu,2025-05-03
annpc.rice.edu,2025-05-03
anns-mbp-2.rice.edu,2025-05-03
annualfund.rice.edu,2024-12-11
anoop.rice.edu,2026-09-13
ansible.arc.rice.edu,2026-07-11
ansible.iam.rice.edu,2025-10-26
antarctica.cs.rice.edu,2025-05-03
anthony-s-s21-ultra.rice.edu,2025-05-03
anthony-s-s22.rice.edu,2025-05-03
anthropology.rice.edu,2025-05-24
antisectarianismconference.blogs.rice.edu,2024-12-11
antoines-mbp.rice.edu,2025-05-03
antonias-air.rice.edu,2025-05-03
antoulas.rice.edu,2026-09-19
any.rice.edu,2025-05-03
anya-computer.rice.edu,2025-05-03
anypoint-api.rice.edu,2026-09-29
anyssa-s-s21.rice.edu,2025-05-03
anz.rice.edu,2026-09-23
aop.rice.edu,2025-05-24
apa.org.ezproxy.rice.edu,2024-12-11
apb120-113.rice.edu,2025-05-03
apb120-162.rice.edu,2025-05-03
apb120-34.rice.edu,2024-12-11
apb2225.rice.edu,2025-05-03
apb2236-215.rice.edu,2025-05-03
apbh-120-12.rice.edu,2025-05-03
apbh-120-15.rice.edu,2025-05-03
apbh-120-18.rice.edu,2025-05-03
apbh-120-233.rice.edu,2024-12-11
apbh-120-53.rice.edu,2025-05-03
apbh-120-68.rice.edu,2024-12-11
apbh-120-90.rice.edu,2025-05-03
apbh-120.rice.edu,2025-05-03
apbh-235.rice.edu,2025-05-03
apbh-stude0abjwf2.rice.edu,2025-05-03
apbh120-231.rice.edu,2025-05-03
apdl.rice.edu,2025-05-03
apex1.arc.rice.edu,2025-05-03
apollo.cs.rice.edu,2025-05-03
app.precollege.rice.edu,2026-09-26
apple-tv-2.rice.edu,2025-05-03
apple-tv-3.rice.edu,2025-05-03
apple-tv-301.rice.edu,2025-05-03
appliedphysics.rice.edu,2025-05-24
apply-dr.rice.edu,2025-05-03
apply.business.rice.edu,2026-09-21
apply.rice.edu,2026-02-11
apply.summer.rice.edu,2024-12-11
apply.visitingstudents.rice.edu,2026-09-21
applygrad.rice.edu,2026-09-07
applyreu.rice.edu,2026-09-29
apps.isiknowledge.com.ezproxy.rice.edu,2024-12-11
apsara.rice.edu,2025-05-03
apsys2016.rice.edu,2025-05-03
apu.cs.rice.edu,2025-05-03
ar89.blogs.rice.edu,2024-12-11
arabic.blogs.rice.edu,2024-12-11
aragorn.cs.rice.edu,2025-05-03
arb2.rice.edu,2025-05-03
arboretum.rice.edu,2025-05-24
arborio.rice.edu,2024-12-11
arc2019.blogs.rice.edu,2024-12-11
arc2020.blogs.rice.edu,2024-12-11
arc2021.blogs.rice.edu,2024-12-11
arc2024.blogs.rice.edu,2024-12-11
arches.rice.edu,2026-09-10
architecture.rice.edu,2026-09-29
archive.cogling.rice.edu,2024-12-11
archive.owlspace.rice.edu,2024-12-11
archivematica-app-n2.rice.edu,2026-09-25
archivematica.rice.edu,2026-09-25
archives-dev-staff.library.rice.edu,2026-08-06
archives-dev.library.rice.edu,2026-08-06
archives-staff.library.rice.edu,2026-08-28
archives.library.rice.edu,2026-08-28
archon.ece.rice.edu,2025-05-03
ardennes.rice.edu,2025-05-03
ares.cs.rice.edu,2025-05-03
arf.rice.edu,2026-09-24
arginine.rice.edu,2025-05-03
argos-peacock.rice.edu,2024-12-11
argos.rice.edu,2026-09-25
argus-office.rice.edu,2025-05-03
argus.ece.rice.edu,2025-05-03
argus1.ece.rice.edu,2025-05-03
arianna-s-s21-ultra.rice.edu,2025-05-03
ariel.rice.edu,2026-09-08
arieldelosreyes.rice.edu,2025-05-03
ario.rice.edu,2024-12-11
ariya-s-s22.rice.edu,2025-05-03
arm1.cs.rice.edu,2025-05-03
arm2.cs.rice.edu,2025-05-03
armadillo.rice.edu,2025-05-03
armenia.rice.edu,2025-05-03
arruf.rice.edu,2025-05-24
art.rice.edu,2025-05-24
art3.web.rice.edu,2024-12-11
arthistory.rice.edu,2025-05-24
arts.rice.edu,2026-09-15
arzash.rice.edu,2026-09-24
asc8.blogs.rice.edu,2024-12-11
asce.blogs.rice.edu,2024-12-11
asce.rice.edu,2026-10-02
asha.rice.edu,2025-05-03
ashe.rice.edu,2025-05-03
ashu.rice.edu,2026-09-13
asianstudies.rice.edu,2025-05-24
ask.rice.edu,2024-12-11
askanowl.rice.edu,2026-09-19
asme.rice.edu,2026-10-02
asp6new.alexanderstreet.com.ezproxy.rice.edu,2024-12-11
aspartate.rice.edu,2025-05-03
aspen2018.rice.edu,2026-09-16
asplos13.blogs.rice.edu,2026-07-16
asplos13.rice.edu,2026-10-02
asr.rice.edu,2024-12-11
assessing-speaking.rice.edu,2026-09-16
associates.rice.edu,2025-05-24
associatesprogram.rice.edu,2026-09-19
asterope.rice.edu,2025-05-03
astr230-r.clear.rice.edu,2025-05-03
astro-undergrad.rice.edu,2026-09-25
astro.rice.edu,2026-09-19
astronomy.rice.edu,2026-10-03
astroparticle.rice.edu,2024-12-11
astroserver.rice.edu,2025-05-03
atanu-s-s20.rice.edu,2025-05-03
ath-bpspc-trnr-phy1.rice.edu,2025-05-03
ath-dragonfly.rice.edu,2025-05-03
athens.rice.edu,2025-05-03
athletics-204.rice.edu,2025-05-03
atlanta.rice.edu,2025-05-03
atlantis.rice.edu,2025-05-03
atlas.cs.rice.edu,2025-05-03
atomcool.rice.edu,2025-05-24
atop.rice.edu,2026-10-01
ats.rice.edu,2026-10-01
atticuss-mbp.rice.edu,2025-05-03
attila.rice.edu,2025-05-03
aubrey.rice.edu,2025-05-03
aue-jiangfz-l4.rice.edu,2025-05-03
auth.guscus.rice.edu,2025-05-03
autm.rice.edu,2026-09-07
autodiscover.rice.edu,2026-02-01
autoflex.rice.edu,2025-05-03
automic-agent-devl.rice.edu,2025-05-03
automic-agent-prod.rice.edu,2025-05-03
automic-devl.rice.edu,2025-05-03
automic-ora-dev.rice.edu,2025-05-03
automic-ora-prod.rice.edu,2025-05-03
avatar.rice.edu,2025-05-03
ave.rice.edu,2024-12-11
averma.rice.edu,2026-09-23
avrchem.rice.edu,2026-02-24
awd.rice.edu,2025-05-03
awesom-0.rice.edu,2025-05-03
awf-8xedjzv25ly.rice.edu,2025-05-03
awsem.rice.edu,2025-09-21
awstats.cs.rice.edu,2024-12-11
axiom-prod.ad.rice.edu,2026-02-24
ayeka.rice.edu,2025-05-03
ayyan-s-note20.rice.edu,2025-05-03
azhariyas-air.rice.edu,2025-05-03
azores.rice.edu,2025-05-03
b1500am55230265.rice.edu,2025-05-03
b9-bam-dev.rice.edu,2025-05-03
b9-bam-pprd.rice.edu,2025-05-03
b9-bam-prod.rice.edu,2025-05-03
b9bex-prod-waf.rice.edu,2024-12-11
b9ss-bcm-devl.rice.edu,2025-05-03
b9ss-bex-pprd.rice.edu,2025-05-03
b9ss-bex-prod-n1.rice.edu,2025-05-03
b9ss-bex-prod-n3.rice.edu,2025-05-03
b9ss-fss-devl.rice.edu,2025-05-03
b9ss-gss-devl.rice.edu,2025-05-03
b9ss-gss-pprd.rice.edu,2024-12-11
b9ss-gss-prod-n1.rice.edu,2025-05-03
b9ss-gss-prod-n2.rice.edu,2025-05-03
b9ss-ldr-devl.rice.edu,2025-05-03
b9ss-ldr-pprd.rice.edu,2025-05-03
b9ss-reg-devl.rice.edu,2025-05-03
b9ss-reg-pprd.rice.edu,2025-05-03
b9ss-reg-prod-n1.rice.edu,2025-05-03
b9ss-reg-prod-n2.rice.edu,2025-05-03
b9ss-reg-prod-n3.rice.edu,2025-05-03
b9ss-sss-devl.rice.edu,2025-05-03
b9ss-sss-pprd.rice.edu,2025-05-03
b9ss-sss-prod.rice.edu,2025-05-03
ba13u16n1.lom.crc.rice.edu,2025-10-01
ba13u17n1.lom.crc.rice.edu,2025-10-04
ba13u18n1.lom.crc.rice.edu,2025-11-24
ba13u19n1.lom.crc.rice.edu,2025-11-24
badie.rice.edu,2025-05-03
badminton.rice.edu,2024-12-11
badmofo.rice.edu,2025-05-03
baker.rice.edu,2026-09-24
bakerces.rice.edu,2026-09-16
bakerhall-polycom.rice.edu,2025-05-03
bakerhouse1.rice.edu,2025-05-03
bakerhouse2.rice.edu,2025-05-03
bakerinstituteblog.blogs.rice.edu,2024-12-11
bakerprint.owlpc.rice.edu,2025-05-03
bakerquartet.rice.edu,2026-10-02
balcony.rice.edu,2025-05-03
balkans.rice.edu,2025-05-03
ballpoint.cnx.rice.edu,2025-05-03
ballroom.rice.edu,2026-09-24
bally.rice.edu,2025-05-03
bally1.rice.edu,2025-05-03
banadm-devl.rice.edu,2025-05-03
banadm-odevl-waf.rice.edu,2025-05-03
banadm-pprd.rice.edu,2025-05-03
banadm-prod-n1.rice.edu,2024-12-11
banadm-prod-n2.rice.edu,2024-12-11
bandgap.cs.rice.edu,2025-05-03
bands.blogs.rice.edu,2024-12-11
bands.rice.edu,2026-10-02
bang.rice.edu,2025-05-03
banjob-devl.rice.edu,2025-05-03
banjob-pprd.rice.edu,2025-05-03
banjob-prod.rice.edu,2025-05-03
banjob-standby.rice.edu,2025-05-03
banner-esm-prod.rice.edu,2025-05-03
banner-gw-a.rice.edu,2025-05-03
banner-ora-dev.rice.edu,2025-05-03
banner-ora-devl.rice.edu,2025-05-03
banner-ora-pprd.rice.edu,2025-05-03
banner-ora-prod.rice.edu,2025-05-03
banner-ora-standby.rice.edu,2025-05-03
banpay-devl.rice.edu,2025-05-03
banpay-prod.rice.edu,2025-05-03
bansftp-n1.rice.edu,2024-12-11
bantu.rice.edu,2024-12-11
banweb.rice.edu,2024-12-11
banweb1.rice.edu,2024-12-11
bao.rice.edu,2024-12-11
barakat-s-a32.rice.edu,2025-05-03
barakat-s-tab-s7.rice.edu,2025-05-03
barbe.rice.edu,2026-10-02
barnardo.rice.edu,2025-05-03
barretos.blogs.rice.edu,2024-12-11
barron.rice.edu,2026-07-16
bart.rice.edu,2026-09-23
bartu-s-a53.rice.edu,2025-05-03
bas.rice.edu,2025-05-03
bascs.rice.edu,2026-06-30
baseball.blogs.rice.edu,2024-12-11
basel.rice.edu,2024-12-11
basil.rice.edu,2025-05-03
basmati.rice.edu,2025-05-03
basyk.rice.edu,2026-10-02
baydin.rice.edu,2026-09-13
bcc.rice.edu,2025-05-24
bdgtxfer-devl.rice.edu,2025-05-03
bdgtxfer-pprd.rice.edu,2025-05-03
bdgtxfer-prod.rice.edu,2025-05-03
beagle.rice.edu,2025-05-03
bear.rice.edu,2025-05-03
beast.rice.edu,2025-05-03
beauty.cs.rice.edu,2025-05-03
beauty.rice.edu,2025-05-03
becomingadoctor.rice.edu,2026-09-30
bedient.rice.edu,2026-09-24
beech.rice.edu,2025-05-03
beerbike.rice.edu,2026-10-01
behindthehedges.blogs.rice.edu,2024-12-11
beier.rice.edu,2026-09-20
beihu.rice.edu,2025-05-03
bela.rice.edu,2025-05-03
belfort.rice.edu,2025-05-03
bella.rice.edu,2025-05-03
bellacoola.rice.edu,2025-05-03
bellaxps.rice.edu,2025-05-03
belt.crc.rice.edu,2026-10-01
ben-s-s21-fe.rice.edu,2025-05-03
bench.rice.edu,2026-10-02
bender.rice.edu,2025-05-03
benito.rice.edu,2025-05-03
bergen.ece.rice.edu,2025-05-03
bert.cs.rice.edu,2025-05-03
bes4623.rice.edu,2025-05-03
bestbuddies.blogs.rice.edu,2024-12-11
bestbuddies.rice.edu,2026-09-30
beta.library.rice.edu,2024-12-11
bevo.rice.edu,2025-05-03
beyondnews.blogs.rice.edu,2024-12-11
beyondvalidity.rice.edu,2026-09-19
bgsa.blogs.rice.edu,2024-12-11
bgsa.rice.edu,2025-05-24
bh212ps.rice.edu,2025-05-03
bh214ps.rice.edu,2025-05-03
bhangra.rice.edu,2026-09-30
bi-gale-com.ezproxy.rice.edu,2025-05-24
bianca.cs.rice.edu,2024-12-11
bibdaa.rice.edu,2025-05-24
bid47ec.21293689t.comms.rice.edu,2025-05-03
bigb.rice.edu,2025-05-03
bigbend-asm1.rcsg.rice.edu,2025-05-03
bigbend-asm2.rcsg.rice.edu,2025-05-03
bigbend-hmc.rcsg.rice.edu,2025-05-03
bigbend01.rice.edu,2025-05-03
bigbend02.rice.edu,2025-05-03
bigbend03.rice.edu,2025-05-03
bigbird.cnx.rice.edu,2025-05-03
bigbird.recg.rice.edu,2025-05-03
bigdata.rice.edu,2026-09-30
bigdatasi.blogs.rice.edu,2024-12-11
bigdatasi.rice.edu,2026-09-10
bigidi.rice.edu,2026-09-22
bigmac.rice.edu,2025-05-03
bikes.rice.edu,2024-12-11
bikeshare.blogs.rice.edu,2024-12-11
bilbo.rice.edu,2025-05-03
billingtonlt.rice.edu,2025-05-03
billups.blogs.rice.edu,2024-12-11
billups.rice.edu,2026-09-10
binarytree-1-v260.rice.edu,2025-05-03
binarytree-1-v278.rice.edu,2025-05-03
binarytree-1-v424.rice.edu,2025-05-03
binarytree-1-v924.rice.edu,2025-05-03
binarytree-2-v16-a.stat.rice.edu,2025-05-03
binarytree-2-v260.rice.edu,2025-05-03
binarytree-2-v278.rice.edu,2025-05-03
binarytree-2-v424.rice.edu,2025-05-03
binarytree-2-v924.rice.edu,2025-05-03
binzhang.blogs.rice.edu,2024-12-11
bio303probes.rice.edu,2025-05-03
bioc-gw.rice.edu,2025-05-03
bioc.rice.edu,2025-05-24
biochar.rice.edu,2024-12-11
biochem.rice.edu,2026-10-01
biochemistry.rice.edu,2026-10-01
biodesign.rice.edu,2026-09-09
bioe.rice.edu,2026-09-07
bioecovid.rice.edu,2025-05-24
bioegrb200jewl.rice.edu,2025-05-03
bioegsa.blogs.rice.edu,2024-12-11
bioegsa.rice.edu,2024-12-11
bioelectronics.rice.edu,2025-05-24
bioemudd230ff.rice.edu,2025-05-03
bioinfo.cs.rice.edu,2026-09-22
bioinfocs.rice.edu,2026-09-22
biomaterialsday.blogs.rice.edu,2024-12-11
biomaterialsday.rice.edu,2026-09-13
biopoliticalfutures.rice.edu,2026-09-22
bioreactor.rice.edu,2025-05-03
bioregsrv.rice.edu,2025-05-03
biosafety.rice.edu,2026-09-18
biosciences.rice.edu,2025-05-24
bioserver.cs.rice.edu,2025-05-03
biotecd.rice.edu,2025-05-03
biotechlauncbipp-dcd.rice.edu,2025-05-03
bipp-hati.rice.edu,2025-05-03
bipp-mat15-1040.rice.edu,2025-05-03
bipp-plc6.rice.edu,2025-05-03
biscayne.cs.rice.edu,2025-05-03
biswalgrp-pc.rice.edu,2025-05-03
bit-s-tab-s6-lite.rice.edu,2025-05-03
biygroup.blogs.rice.edu,2024-12-11
biz.rice.edu,2026-07-19
bk4.rice.edu,2025-05-03
bkmh-gw.rice.edu,2025-05-03
blackhawk.cs.rice.edu,2024-12-11
blackhoustons.rice.edu,2025-05-24
blacktulip.rice.edu,2025-05-03
blankslatemonument.rice.edu,2026-09-22
blend.rice.edu,2025-05-03
blink-mini.rice.edu,2025-05-03
blink-sync-module.rice.edu,2025-05-03
blink.rice.edu,2025-05-03
blockchain.rice.edu,2024-12-11
blogs.rice.edu,2026-09-19
blunt.rice.edu,2025-05-03
bmed.blogs.rice.edu,2024-12-11
bmed.rice.edu,2026-09-20
bmes.rice.edu,2026-09-20
bmiexo.rice.edu,2026-09-10
bml.rice.edu,2026-09-25
bmli.rice.edu,2026-09-28
boa.rice.edu,2025-05-03
boardfeedback.rice.edu,2026-07-16
boas.rice.edu,2024-12-11
bobos-surface.rice.edu,2025-05-03
bokken.cnx.rice.edu,2024-12-11
bolt.cs.rice.edu,2025-05-03
bongo.rice.edu,2025-05-03
boning.cnx.rice.edu,2025-05-03
boniuk.rice.edu,2026-02-11
bonn.rice.edu,2025-05-03
bonner-atca.rice.edu,2025-05-03
bonner-auth.rice.edu,2025-05-03
bonner-c1.rice.edu,2024-12-11
bonner-c2.rice.edu,2024-12-11
bonner-c3.rice.edu,2024-12-11
bonner-c4.rice.edu,2025-05-03
bonner-cd0.bridge.rice.edu,2025-05-03
bonner-cd0.rice.edu,2025-05-03
bonner-cd1.bridge.rice.edu,2024-12-11
bonner-cd1.rice.edu,2025-05-03
bonner-cms1.rice.edu,2025-05-03
bonner-cms2.rice.edu,2025-05-03
bonner-cms3.rice.edu,2025-05-03
bonner-cms4.rice.edu,2024-12-11
bonner-cms5.rice.edu,2025-05-03
bonner-daq.rice.edu,2025-05-03
bonner-gpu.rice.edu,2026-09-25
bonner-grid.rice.edu,2025-05-03
bonner-gw.rice.edu,2024-12-11
bonner-host.rice.edu,2024-12-11
bonner-muon.rice.edu,2025-05-03
bonner-ntserver.rice.edu,2024-12-11
bonner-pc1.rice.edu,2025-05-03
bonner-pc2.rice.edu,2025-05-03
bonner-pc20.rice.edu,2025-05-03
bonner-pc21.rice.edu,2024-12-11
bonner-pc4.rice.edu,2025-05-24
bonner-star1.rice.edu,2025-05-03
bonner-star2.rice.edu,2025-05-03
bonner-star3.rice.edu,2025-05-03
bonner-utca.rice.edu,2025-05-03
bonner-web.rice.edu,2024-12-11
bonner01.rice.edu,2025-05-03
bonner02.rice.edu,2025-05-03
bonner03.rice.edu,2025-05-03
bonner04.rice.edu,2025-05-03
bonner05.rice.edu,2025-05-03
bonner06.rice.edu,2025-05-03
bonner07.rice.edu,2025-05-03
bonner08.rice.edu,2025-05-03
book-3kg139cbiv.rice.edu,2025-05-03
books.wellness.rice.edu,2024-12-11
boon.cs.rice.edu,2025-05-03
bootcamp.blogs.rice.edu,2024-12-11
bootcamp.rice.edu,2026-09-18
bora-s-a42.rice.edu,2025-05-03
borax.clear.rice.edu,2024-12-11
borax.clear8.rice.edu,2026-07-16
borax.lom.rice.edu,2026-09-23
borax.rac.rice.edu,2026-09-23
boston.rice.edu,2025-05-03
botencryptedsipoauth.comms.rice.edu,2026-03-07
bowie.cnx.rice.edu,2025-05-03
bp6.stat.rice.edu,2025-05-03
bradford.blogs.rice.edu,2024-12-11
bradford.rice.edu,2026-09-10
bradley-s-tab-s8-ultra.rice.edu,2025-05-03
braga.rice.edu,2024-12-11
bragg.rice.edu,2025-05-03
brain.rice.edu,2024-12-11
brainstem.rice.edu,2026-09-19
brak.rice.edu,2024-12-11
brake.rice.edu,2026-09-16
bramble.rice.edu,2025-05-03
bramtot.rice.edu,2025-05-03
brand.rice.edu,2025-05-24
brasa.rice.edu,2026-09-23
brazil.blogs.rice.edu,2024-12-11
brazil.rice.edu,2026-09-10
brc-psy-760-w2.rice.edu,2025-05-03
brc-psy-7th.rice.edu,2025-05-03
brc.rice.edu,2025-05-24
brc002387tnqk13.rice.edu,2025-05-03
brc004401dqz902.rice.edu,2025-05-03
brc008101s1m4w3.rice.edu,2025-05-03
brc00970szabbr.rice.edu,2025-05-03
brc400g228092.rice.edu,2025-05-03
brc640tecan.rice.edu,2025-05-03
brc81121pf1v3.rice.edu,2025-05-03
brcpsyw11.rice.edu,2025-05-03
bread.cnx.rice.edu,2024-12-11
breezyhutia.rice.edu,2025-05-03
brendan-s-a42.rice.edu,2025-05-03
briar-public.rice.edu,2025-05-03
briar.rice.edu,2025-05-03
bridge.rice.edu,2025-05-24
brielle-bryan.scholar.rice.edu,2024-12-11
briellebryan.rice.edu,2026-09-23
brinechem.rice.edu,2024-12-11
bripri-ri.rice.edu,2025-05-03
briqa-ri.rice.edu,2025-05-03
briqa.rice.edu,2025-05-03
brisbane.rice.edu,2025-05-03
brk-208-color.rice.edu,2025-05-03
brk-390-hafnermicro.rice.edu,2025-05-03
brk-390-powerspec.rice.edu,2024-12-11
brk-roofj83bfx2.rice.edu,2025-05-03
brk00002fsrktc2.rice.edu,2025-05-03
brk0001488p5082.rice.edu,2025-05-03
brk003632mc5k13.rice.edu,2025-05-03
brl.rice.edu,2024-12-11
brlpri.rice.edu,2025-05-03
brlqa.rice.edu,2024-12-11
brlqa1.rice.edu,2025-05-03
brmh-gw.rice.edu,2025-05-03
brockman270.rice.edu,2025-05-03
brogioli.rice.edu,2026-09-16
brown.rice.edu,2026-09-22
brownoweek.rice.edu,2024-12-11
brra-gw.rice.edu,2025-05-03
bryanbrownspro3.rice.edu,2025-05-03
bryce.rice.edu,2025-05-03
bsa.rice.edu,2024-12-11
bshastry.rice.edu,2025-05-03
bsw2.web.rice.edu,2024-12-11
bubba.rice.edu,2025-05-03
budgetandfinance.rice.edu,2024-12-11
buenosaires.rice.edu,2026-09-12
bugsy.rice.edu,2025-05-03
buildingricesfuture.rice.edu,2024-12-11
bukkyaloba.rice.edu,2025-05-03
bunkmate.rice.edu,2026-09-08
bunsen-honeydew.cs.rice.edu,2025-05-03
bunts.blogs.rice.edu,2024-12-11
bursa.rice.edu,2025-05-03
bursar.rice.edu,2025-05-24
bus.rice.edu,2026-09-25
business.rice.edu,2026-02-07
business.web.rice.edu,2024-12-11
bustracker.rice.edu,2025-05-03
butcher.cnx.rice.edu,2024-12-11
butera-phone.rice.edu,2025-05-03
butler.rice.edu,2026-09-19
butter.cnx.rice.edu,2025-05-03
buttercup.rice.edu,2025-05-03
buy.rice.edu,2026-10-03
c02d6m8uml7h.rice.edu,2025-05-03
c02d74cdml7j.rice.edu,2025-05-03
c02df3p4pn7c.rice.edu,2025-05-03
c02q41dff8j3.rice.edu,2025-05-03
c02x9288jhd3.rice.edu,2025-05-03
c1ms80m4h3qj.rice.edu,2025-05-03
caa.rice.edu,2026-07-16
caaas.rice.edu,2025-05-24
caam-nat.rice.edu,2025-05-03
caamweb.rice.edu,2026-09-28
cabc.rice.edu,2026-09-12
cac.rice.edu,2024-12-11
cad.rice.edu,2026-02-10
cadans-mbp.rice.edu,2025-05-03
caf-biologic1.rice.edu,2025-05-03
caf.rice.edu,2024-12-11
cafgroup.rice.edu,2026-09-13
cage.rice.edu,2025-05-03
cai.cs.rice.edu,2025-05-03
cainproj01.rice.edu,2025-05-03
cainproj02.rice.edu,2025-05-03
cairo.rice.edu,2024-12-11
calac.rice.edu,2026-09-28
caleb.mcdaniel.web.rice.edu,2024-12-11
calico.rice.edu,2025-05-03
callisto.cs.rice.edu,2025-05-03
calypso.cs.rice.edu,2024-12-11
cam.rice.edu,2024-12-11
cam01.rice.edu,2025-05-03
cam02.rice.edu,2025-05-03
cam6.web.rice.edu,2024-12-11
campbell.rice.edu,2026-09-29
campusevents.rice.edu,2025-05-24
campushousing.rice.edu,2026-09-25
campusmac.rice.edu,2025-05-03
campusministries.rice.edu,2026-09-23
campusstore.rice.edu,2026-09-09
camt.dev.rice.edu,2026-05-31
cans.rice.edu,2026-09-18
canyengue.rice.edu,2025-05-03
canyon.cnx.rice.edu,2025-05-03
canyon.rice.edu,2024-12-11
capc.rice.edu,2026-09-09
caper.rice.edu,2024-12-11
captain.ece.rice.edu,2025-05-03
carbonhub.rice.edu,2025-05-24
care.rice.edu,2026-09-01
careeraccelerator.rice.edu,2026-09-27
carla.rice.edu,2024-12-11
carlin.rice.edu,2026-09-19
carme.cs.rice.edu,2025-05-03
caroline.rice.edu,2025-05-03
carolinelevander.rice.edu,2026-09-20
carolus.cs.rice.edu,2025-05-03
cartwright.rice.edu,2026-09-19
casentino.rice.edu,2025-05-03
cashier.rice.edu,2026-09-22
casper.lom.rice.edu,2025-05-03
casper.rice.edu,2025-05-03
cat12.web.rice.edu,2024-12-11
catalog.rice.edu,2026-09-24
catalyst.blogs.rice.edu,2024-12-11
catalyst.rice.edu,2026-09-29
catania.rice.edu,2025-05-03
catholics.rice.edu,2026-09-08
cats.rice.edu,2026-09-23
caucasus.rice.edu,2025-05-03
cauribe.rice.edu,2026-09-23
cavallaro.blogs.rice.edu,2024-12-11
cavallaro.rice.edu,2026-09-19
cayuse.rice.edu,2026-10-02
cben-81-200.rice.edu,2025-05-03
cbord-stu-web.rice.edu,2026-06-14
cbord-web.rice.edu,2026-06-14
cc.argos.rice.edu,2024-12-11
cc11.cs.rice.edu,2025-05-03
cc12.cs.rice.edu,2025-05-03
cc6500.rice.edu,2025-05-03
cc6510.rice.edu,2025-05-03
cc6512.rice.edu,2025-05-03
ccd.rice.edu,2025-05-24
cces.rice.edu,2024-12-11
ccf.rice.edu,2026-09-12
ccf8.blogs.rice.edu,2024-12-11
ccl.rice.edu,2025-05-24
ccn-07.arc.rice.edu,2025-05-03
ccn-08.arc.rice.edu,2026-07-16
ccnc-01.arc.rice.edu,2026-07-17
ccnc-02.arc.rice.edu,2026-07-17
ccnc-03.arc.rice.edu,2025-05-03
ccnc-04-arc.lom.rice.edu,2026-09-23
ccnc-04.arc.rice.edu,2025-05-03
ccnc-05.arc.rice.edu,2026-07-16
ccnc-06.arc.rice.edu,2026-07-17
ccnc-07.arc.rice.edu,2026-07-16
ccnc-08.arc.rice.edu,2026-07-17
ccnc-09.arc.rice.edu,2026-07-17
ccnc-10.arc.rice.edu,2026-07-17
ccnc-12.arc.rice.edu,2026-07-17
cdb.rice.edu,2026-09-10
cdo.business.rice.edu,2026-09-26
ce.rice.edu,2026-09-17
cece-pre-primary.rice.edu,2025-05-03
cecilia-s-s21-fe.rice.edu,2025-05-03
cedar.cs.rice.edu,2024-12-11
cee.rice.edu,2025-05-24
ceee.rice.edu,2026-10-01
cehi.rice.edu,2026-09-24
celaeno.rice.edu,2025-05-03
celas.rice.edu,2026-07-16
celebrateart.rice.edu,2024-12-11
celis.cs.rice.edu,2025-05-03
celsus.lom.rice.edu,2026-02-03
centerforeducation.rice.edu,2025-05-24
central-dev.rice.edu,2025-05-03
centralplantbreakroom.rice.edu,2025-05-03
cer-n1-ms.comms.rice.edu,2026-03-06
cer-n1.comms.rice.edu,2026-03-06
cer-n2.comms.rice.edu,2026-03-06
cercl.rice.edu,2025-05-24
ceremony.rice.edu,2026-09-22
cerise.rice.edu,2026-09-29
certificate.rice.edu,2024-12-11
cervicalcancer.rice.edu,2026-09-12
ces.rice.edu,2025-05-24
ceve.rice.edu,2026-10-03
ceve314.blogs.rice.edu,2024-12-11
cfar.rice.edu,2025-05-24
chairsoffice.cs.rice.edu,2025-05-03
chaldene.cs.rice.edu,2024-12-11
challenge.rice.edu,2026-10-02
chanakya.mems.rice.edu,2025-05-03
chance.rice.edu,2026-09-07
change.it.rice.edu,2025-12-29
chaocenter.rice.edu,2025-05-24
chaocollege.rice.edu,2026-10-02
chapman.blogs.rice.edu,2024-12-11
charan-s-a53.rice.edu,2025-05-03
charlesconn.rice.edu,2026-09-12
chasqui.cs.rice.edu,2025-05-03
chbe.rice.edu,2025-05-24
chbegsa.blogs.rice.edu,2024-12-11
chbegsa.rice.edu,2026-09-12
che.rice.edu,2024-12-11
cheer.blogs.rice.edu,2024-12-11
cheer.rice.edu,2026-09-12
chem-81-110.rice.edu,2025-05-03
chem-81-184.rice.edu,2025-05-03
chem-81-185.rice.edu,2025-05-03
chem-81-223.rice.edu,2025-05-03
chem-81-224.rice.edu,2025-05-03
chem-81-41.rice.edu,2025-05-03
chem-81-42.rice.edu,2025-05-03
chem-81-50.rice.edu,2025-05-03
chem-81-51.rice.edu,2025-05-03
chem-81-65.rice.edu,2025-05-03
chem-tchamp.rice.edu,2025-05-03
chem-tem-02.rice.edu,2025-05-03
chem.rice.edu,2026-09-09
chem3-gw.rice.edu,2025-05-03
chemart.rice.edu,2026-07-16
cheme-244-162.rice.edu,2025-05-03
cheme-244-163.rice.edu,2024-12-11
cheme-244-164.rice.edu,2025-05-03
cheme-244-165.rice.edu,2025-05-03
cheme-244-166.rice.edu,2025-05-03
cheme-244-167.rice.edu,2025-05-03
cheme-244-168.rice.edu,2024-12-11
cheme-244-169.rice.edu,2025-05-03
cheme-244-170.rice.edu,2025-05-03
cheme-244-171.rice.edu,2025-05-03
chemistry.rice.edu,2025-05-24
chemreg.rice.edu,2025-05-03
chemstation.rice.edu,2025-05-03
chenjunshang.rice.edu,2026-09-12
chevallier.blogs.rice.edu,2024-12-11
chevallier.rice.edu,2026-09-12
chianti.rice.edu,2025-05-03
chiayi.blogs.rice.edu,2024-12-11
chiayi.rice.edu,2026-09-23
chicago.rice.edu,2025-05-03
chico-dr.rice.edu,2024-12-11
chico.rice.edu,2025-05-03
chico2.rice.edu,2025-05-03
chikeres-mbp.rice.edu,2025-05-03
chil.rice.edu,2025-05-24
childrenscampus.rice.edu,2026-09-09
chili.rice.edu,2025-05-03
chilnova.rice.edu,2025-05-03
chinacenter.rice.edu,2024-12-11
chinauscenter.rice.edu,2026-09-12
chinedum-s-s22-ultra.rice.edu,2025-05-03
chineselanguage.blogs.rice.edu,2024-12-11
chineseprinter.rice.edu,2025-05-03
chips.rascals.rice.edu,2025-05-03
chiquibaby.rice.edu,2025-05-03
chirality.rice.edu,2026-09-20
chkiang.rice.edu,2026-07-16
chmstorf.rice.edu,2025-05-03
chong.rice.edu,2026-09-12
cchris.rice.edu,2025-05-03
chrisedlap.rice.edu,2025-05-03
chromecast.rice.edu,2025-05-03
chronicle.com.ezproxy.rice.edu,2024-12-11
chronotopicimaginaries.rice.edu,2026-07-16
chrp.rice.edu,2026-09-14
chu.arc.rice.edu,2025-05-03
chu.stat.rice.edu,2025-05-03
church.cs.rice.edu,2025-05-03
chwilk.blogs.rice.edu,2024-12-11
ci.iam.rice.edu,2026-08-12
ciisr.rice.edu,2025-05-24
cilantro.rice.edu,2025-05-03
cinema.rice.edu,2026-10-01
cingulate.rice.edu,2025-05-03
cins.rice.edu,2024-12-11
cirrus1.arc.rice.edu,2025-05-03
cisco760-burkett.rice.edu,2025-05-03
cisco760-ktm.rice.edu,2025-05-03
cism.rice.edu,2025-05-03
citadel.cnx.rice.edu,2025-05-03
citationapi.library.rice.edu,2026-08-06
citi.rice.edu,2026-09-08
citron.rice.edu,2025-05-03
civenvfile.rice.edu,2025-05-03
civicduty.rice.edu,2026-09-23
civilinfrastructuresystems.blogs.rice.edu,2024-12-11
civilwar.blogs.rice.edu,2024-12-11
cl59.blogs.rice.edu,2024-12-11
claires-mbp-4.rice.edu,2025-05-03
clance.rice.edu,2026-09-12
classes-n1.rice.edu,2025-05-03
classes.rice.edu,2025-05-03
classics.rice.edu,2026-07-16
classifieds-dev.rice.edu,2026-10-02
classifieds.rice.edu,2026-09-30
classnotes.rice.edu,2026-09-09
classrooms.rice.edu,2026-10-01
clay.elec529.recg.rice.edu,2025-05-03
clay.rice.edu,2025-05-03
claytonpowerbook.rice.edu,2025-05-03
clear.rice.edu,2026-08-13
clear10.rice.edu,2026-08-13
clear7.rice.edu,2026-08-13
clear8.rice.edu,2026-08-13
clear9.rice.edu,2026-08-13
clearmunia.rice.edu,2025-05-03
cleaver.cnx.rice.edu,2025-05-03
clic.rice.edu,2025-05-24
clic4thworkshop.rice.edu,2026-09-18
clic7thworkshop.rice.edu,2026-09-19
clicarabic.blogs.rice.edu,2024-12-11
clicchinese.blogs.rice.edu,2024-12-11
clicchinesecorpora.blogs.rice.edu,2024-12-11
clicfrench.blogs.rice.edu,2024-12-11
clicgerman.blogs.rice.edu,2024-12-11
clichindi.blogs.rice.edu,2026-07-16
clicitalian.blogs.rice.edu,2024-12-11
clicjapanese.blogs.rice.edu,2024-12-11
clickorean.blogs.rice.edu,2025-05-24
clicmaterials.blogs.rice.edu,2024-12-11
clicmaterials.rice.edu,2026-09-19
clicmaterialsld.blogs.rice.edu,2024-12-11
clicportuguese.blogs.rice.edu,2024-12-11
clicrussian.blogs.rice.edu,2026-07-16
clicspanish.blogs.rice.edu,2024-12-11
clicstudyabroad.rice.edu,2026-09-08
clicstudyabroadconference.rice.edu,2026-09-18
clicvr.rice.edu,2026-09-24
clicweb.rice.edu,2024-12-11
clicworkshops.rice.edu,2026-09-23
clockss1b.rice.edu,2025-05-03
clockss2.rice.edu,2025-05-03
clockss4.rice.edu,2025-05-03
clownfish.rice.edu,2025-05-03
club-reservations.rice.edu,2024-12-11
club.rice.edu,2025-05-03
clubchouette.rice.edu,2026-10-02
clubs.rice.edu,2026-10-01
clubtennis.rice.edu,2026-10-02
cluster-n1-ri.rice.edu,2025-05-03
cluster-n2-ri.rice.edu,2025-05-03
cmb2020.blogs.rice.edu,2024-12-11
cmc-srv.rice.edu,2025-05-03
cmc.rice.edu,2024-12-11
cmccolor.ece.rice.edu,2024-12-11
cmcsmartstor.rice.edu,2025-05-03
cmj4.web.rice.edu,2024-12-11
cmk1.rice.edu,2025-05-03
cmo-control.rice.edu,2025-05-03
cmor-faculty.rice.edu,2025-10-28
cmor.rice.edu,2025-05-24
cmor240904.cmor.rice.edu,2026-01-09
cmt-auth.rice.edu,2025-05-03
cmt-d0.rice.edu,2025-05-03
cmt-gw.rice.edu,2025-05-03
cmt-new.rice.edu,2025-05-03
cmt.rice.edu,2024-12-11
cmt01.rice.edu,2025-05-03
cnc10.rice.edu,2026-07-16
cnx.cnx.rice.edu,2025-05-03
cnx.rice.edu,2024-12-11
cnxconference.rice.edu,2024-12-11
cnxsrv-gw.rice.edu,2025-05-03
coalition.rice.edu,2026-09-18
coastalsustainability.rice.edu,2024-12-11
cob200fnxf433.rice.edu,2025-05-03
cobalt.clear.rice.edu,2024-12-11
cobalt.clear8.rice.edu,2026-07-16
code.rice.edu,2024-12-11
codecollege.rice.edu,2025-07-16
codered.rice.edu,2025-05-03
cofes.rice.edu,2025-05-24
cofes.stat.rice.edu,2025-05-03
coffeehouse.blogs.rice.edu,2024-12-11
coffeehouse.rice.edu,2026-09-29
cofhe2015.rice.edu,2026-09-19
cognos.rice.edu,2025-05-03
cogsci.rice.edu,2025-05-24
cohan.rice.edu,2025-05-24
cohenhouse.blogs.rice.edu,2024-12-11
cohesion.rice.edu,2025-05-24
cohesion1.rice.edu,2025-05-03
cohesion2.rice.edu,2025-05-03
cohesion3.rice.edu,2025-05-03
cohesiondev.rice.edu,2025-05-03
collegeready.rice.edu,2026-09-29
colloids2020.blogs.rice.edu,2024-12-11
colloquium.cs.rice.edu,2026-09-08
colonwq.rice.edu,2025-05-03
color203.rice.edu,2025-05-03
colorado.ece.rice.edu,2024-12-11
colossalgoat.rice.edu,2025-05-03
columbia247.cs.rice.edu,2025-05-03
colvin-d410.rice.edu,2025-05-03
colvintablet.rice.edu,2025-05-03
com.ezproxy.rice.edu,2024-12-11
comcar.blogs.rice.edu,2024-12-11
comcar.rice.edu,2026-09-13
comediefrancaise.blogs.rice.edu,2024-12-11
comfilefuture.rice.edu,2025-05-03
comm.blogs.rice.edu,2024-12-11
commencement.rice.edu,2025-05-24
commercialization.rice.edu,2026-09-29
comms.rice.edu,2026-03-08
communicationdiversity.rice.edu,2026-09-27
community.rice.edu,2026-07-16
communitybridges.blogs.rice.edu,2024-12-11
comp140.cs.rice.edu,2024-12-11
comp215.blogs.rice.edu,2024-12-11
comp311.rice.edu,2026-09-29
comp318.clear.rice.edu,2026-07-15
comp32.guscus.rice.edu,2025-05-03
comp321.clear.rice.edu,2026-07-17
comp322.rice.edu,2026-10-01
comp327.blogs.rice.edu,2024-12-11
comp427.blogs.rice.edu,2024-12-11
comp427.rice.edu,2025-05-03
comp446.rice.edu,2025-05-03
comp503.blogs.rice.edu,2024-12-11
comp519.cs.rice.edu,2024-12-11
comp527.rice.edu,2026-10-02
comp600.rice.edu,2026-09-19
compass.cs.rice.edu,2025-05-24
compexam.rice.edu,2025-05-24
compliance.rice.edu,2026-09-25
compm.rice.edu,2026-10-02
compsci.rice.edu,2025-05-24
compton.rice.edu,2025-05-03
compton2.rice.edu,2024-12-11
compucount.rice.edu,2025-05-03
computationalimaging.rice.edu,2026-09-17
computationalphotography.rice.edu,2026-09-19
computervision.rice.edu,2026-09-22
computing.rice.edu,2026-09-11
compwell-n1.ece.rice.edu,2026-09-26
compwell.ece.rice.edu,2026-09-26
compwell.rice.edu,2026-09-08
concretecanoe.rice.edu,2026-10-02
concur.blogs.rice.edu,2024-12-11
confucius.cnx.rice.edu,2025-05-03
congaree.cs.rice.edu,2025-05-03
congressional-proquest-com.ezproxy.rice.edu,2025-05-24
congressionaldigest.com.ezproxy.rice.edu,2025-05-24
connect.rice.edu,2026-04-25
connect.tpl.rice.edu,2024-12-11
connex-gw.rice.edu,2024-12-11
console.rice.edu,2025-05-03
consumerism.blogs.rice.edu,2024-12-11
continue.rice.edu,2025-05-24
continuing-gw.rice.edu,2025-05-03
continuingimpact.rice.edu,2026-08-14
continuowllearning.rice.edu,2026-09-14
control.rice.edu,2025-05-03
controller.rice.edu,2025-05-24
cooker.cnx.rice.edu,2025-05-03
coolsciencecareers.rice.edu,2024-12-11
cooper.rice.edu,2026-10-01
cop15.blogs.rice.edu,2024-12-11
coral-awslive.library.rice.edu,2026-08-06
coral.library.rice.edu,2026-08-06
coralreefs.blogs.rice.edu,2024-12-11
corcoran.rice.edu,2025-05-03
corcoran2.rice.edu,2025-05-03
cordillera.arc.rice.edu,2024-12-11
corecluster-n1.rice.edu,2025-05-03
corecluster-n2.rice.edu,2025-05-03
corecluster.rice.edu,2025-05-03
coreporting.rice.edu,2026-09-19
corise.rice.edu,2026-09-21
coronastory.rice.edu,2025-05-20
corporate.rice.edu,2025-05-24
correspondences.rice.edu,2025-05-24
corsair.rice.edu,2025-05-03
corundum.rice.edu,2025-05-03
cosmid.rice.edu,2024-12-11
cosmin.rice.edu,2026-09-17
cosmos.rice.edu,2025-05-03
costarica.blogs.rice.edu,2024-12-11
costarica.rice.edu,2026-09-19
coulomb.rice.edu,2024-12-11
counctr-gw.rice.edu,2025-05-03
course.rice.edu,2024-12-11
courseleaf.rice.edu,2026-09-16
courses-ords-dev.rice.edu,2024-12-11
courses-ords-pprd.rice.edu,2024-12-11
courses-ords-prod-n1.rice.edu,2025-05-03
courses-ords-prod-n2.rice.edu,2025-05-03
courses.rice.edu,2025-05-24
court-1.tennis.rice.edu,2025-05-03
court-10.tennis.rice.edu,2025-05-03
court-11.tennis.rice.edu,2025-05-03
court-12.tennis.rice.edu,2025-05-03
court-2.tennis.rice.edu,2025-05-03
court-3.tennis.rice.edu,2025-05-03
court-4.tennis.rice.edu,2025-05-03
court-5.tennis.rice.edu,2025-05-03
court-6.tennis.rice.edu,2024-12-11
court-7.tennis.rice.edu,2025-05-03
court-8.tennis.rice.edu,2025-05-03
court-9.tennis.rice.edu,2025-05-03
covid-19-reflections.rice.edu,2025-11-01
cow.rice.edu,2025-05-03
cowbell.stat.rice.edu,2024-12-11
cox-223-jlou.rice.edu,2025-05-03
cp-1.rice.edu,2024-12-11
cp-2.rice.edu,2024-12-11
cpclub.rice.edu,2026-09-28
cpnl.rice.edu,2026-09-29
cr.iam.rice.edu,2026-08-19
craftinghistoricalknowledge.blogs.rice.edu,2024-12-11
crash-tacular.rice.edu,2025-05-03
crc.rice.edu,2026-10-03
creativearts.rice.edu,2026-09-26
creativeventures.rice.edu,2026-09-25
creativewriting.rice.edu,2026-09-25
creativewritingcamp.rice.edu,2026-09-09
creditcards.rice.edu,2026-10-01
crew.rice.edu,2026-09-25
crisper.rice.edu,2024-12-11
crispr-legacy.rice.edu,2024-12-11
crispr.rice.edu,2024-12-11
critter.rice.edu,2025-05-03
crodriguez68-s-s21-ultra.rice.edu,2025-05-03
cronus.cs.rice.edu,2026-09-30
crook.blogs.rice.edu,2024-12-11
crous1ca.rice.edu,2025-05-03
crpc.rice.edu,2025-05-24
cru.rice.edu,2024-12-11
crystal1.rice.edu,2025-05-03
crystal4.rice.edu,2025-05-03
cs-143-120.rice.edu,2025-05-03
cs-247-101.cs.rice.edu,2025-05-03
cs-247-106.cs.rice.edu,2025-05-03
cs-247-119.cs.rice.edu,2025-05-03
cs-247-123.cs.rice.edu,2025-05-03
cs-ab-gw.rice.edu,2025-05-03
cs-dh-3059.cs.rice.edu,2025-05-03
cs-tr.cs.rice.edu,2024-12-11
cs.rice.edu,2026-10-03
cs35.rice.edu,2026-09-18
cs4.rice.edu,2025-05-03
csaweb107v.csa.com.ezproxy.rice.edu,2024-12-11
csayes.rice.edu,2025-05-03
csayes2.rice.edu,2025-05-03
csb70.rice.edu,2024-12-11
cscads.cs.rice.edu,2024-12-11
cscads.rice.edu,2026-07-16
csclub.rice.edu,2026-09-27
cse-hu-nb3.rice.edu,2025-05-03
cses.blogs.rice.edu,2024-12-11
cses.rice.edu,2026-09-17
csfencryptedsipoauth.comms.rice.edu,2026-03-07
csgsa.rice.edu,2024-12-11
csl01.cs.rice.edu,2025-05-03
csprofiles.rice.edu,2026-09-19
csr.cs.rice.edu,2024-12-11
csters.rice.edu,2026-09-13
csweb.cs.rice.edu,2025-11-11
csweb.rice.edu,2025-05-24
cswgs.rice.edu,2025-05-24
cswgsdonation.rice.edu,2024-12-11
ctbp.rice.edu,2025-05-24
ctbp1703.rice.edu,2025-05-03
ctbs.rice.edu,2024-12-11
cte.blogs.rice.edu,2024-12-11
cte.rice.edu,2025-05-24
ctf.hack.rice.edu,2024-12-11
ctf.rice.edu,2024-12-11
ctopher.rice.edu,2024-12-11
cttl.rice.edu,2026-09-25
cttlmud-gw.rice.edu,2025-05-03
cuc-n1-ms.comms.rice.edu,2026-03-07
cuc-n1.comms.rice.edu,2026-03-07
cuc-n2.comms.rice.edu,2026-03-07
cuc.rice.edu,2025-05-24
cucm-pub-ms.comms.rice.edu,2026-03-08
cucm-pub.comms.rice.edu,2026-03-08
cucm-sub-n1.comms.rice.edu,2026-03-08
cucm-sub-n2.comms.rice.edu,2026-03-08
cucm-tftp-n1.comms.rice.edu,2026-03-08
cucm-tftp-n2.comms.rice.edu,2026-03-08
culture101.rice.edu,2025-05-24
cultures.rice.edu,2025-05-24
culturesofenergy.rice.edu,2026-09-17
culturomics.blogs.rice.edu,2024-12-11
culturomics.rice.edu,2026-09-19
cumin.rice.edu,2025-05-03
cuquinho.rice.edu,2025-05-03
curly.rice.edu,2024-12-11
cutler.rice.edu,2026-09-17
cutlerweb.rice.edu,2024-12-11
cuwip.rice.edu,2024-12-11
cvee.rice.edu,2026-10-01
cvxbiclustr.rice.edu,2025-05-24
cwmac.rice.edu,2025-05-03
cwother.rice.edu,2025-05-03
cwovc.rice.edu,2026-10-03
cycling.rice.edu,2026-08-16
cyoung.rice.edu,2026-09-17
cysteine.rice.edu,2025-05-03
d25kh17mdnml.rice.edu,2025-05-03
d25mx07ff8j9.rice.edu,2025-05-03
d2k.rice.edu,2025-05-24
d8-dev.rice.edu,2024-12-11
daca.rice.edu,2025-05-24
daedalus.rice.edu,2025-05-03
dagger.rice.edu,2025-05-03
daitoku.rice.edu,2025-05-03
dalexmac.rice.edu,2025-05-03
dali.rice.edu,2026-09-11
damian-s-s21-ultra.rice.edu,2025-05-03
damop2010.rice.edu,2024-12-11
dan-s-s10.rice.edu,2025-05-03
dance.rice.edu,2026-09-12
danceteam.rice.edu,2026-09-17
daniel-s-a53.rice.edu,2025-05-03
danielle-king.scholar.rice.edu,2024-12-26
danielleking.rice.edu,2026-09-13
dar-owlconnect.ad.rice.edu,2026-08-01
dar-owlconnect.rice.edu,2026-08-01
dar.rice.edu,2025-05-24
dar4.blogs.rice.edu,2024-12-11
dar4.web.rice.edu,2024-12-11
dareus.rice.edu,2024-12-11
darius.rice.edu,2025-05-03
darkstar.rice.edu,2024-12-11
darren-s-a52.rice.edu,2025-05-03
darwin.cs.rice.edu,2025-05-03
dasgupta.rice.edu,2026-10-01
dashboards-dev.rice.edu,2026-09-08
dashboards.rice.edu,2026-09-29
dasseny-s-a32.rice.edu,2025-05-03
data-bond.arc.rice.edu,2025-05-03
data-bond1.arc.rice.edu,2025-05-03
data-bond2.arc.rice.edu,2025-05-03
data.arc.rice.edu,2025-05-03
data.argos.rice.edu,2025-05-03
data.rice.edu,2026-09-22
database.rusmp.rice.edu,2025-10-11
datapump-n1.rice.edu,2025-05-03
datasci.rice.edu,2026-10-02
datascience.rice.edu,2025-05-24
datascienceconsult.rice.edu,2026-09-23
datathon.rice.edu,2026-09-10
davos.rice.edu,2025-05-03
dawkins.cnx.rice.edu,2025-05-03
dawn.cs.rice.edu,2025-05-03
dba-ora-dev-n2.rice.edu,2025-05-03
dba-ora-dev.rice.edu,2025-05-03
dbh-gw.rice.edu,2025-05-03
dbh243-81-222.rice.edu,2025-05-03
dc7700-jgsfs1.rice.edu,2024-12-11
dca.rice.edu,2024-12-11
dce.blogs.rice.edu,2024-12-11
dce.rice.edu,2026-09-30
dch-2056-vc.avsys.rice.edu,2025-05-03
dealvm.rice.edu,2025-05-03
deans-server.rice.edu,2025-05-03
deathstar.rice.edu,2025-05-03
deb.crc.rice.edu,2026-07-24
debate.rice.edu,2026-09-25
debshila.rice.edu,2026-09-17
decameron.rice.edu,2025-05-03
deem-calico2.rice.edu,2025-05-03
deepfreeze.rice.edu,2024-12-11
deepmuri.rice.edu,2026-09-13
degreeworks.rice.edu,2026-02-10
dei.rice.edu,2026-10-02
deigaard-soho.rice.edu,2025-05-03
delange.rice.edu,2025-05-24
delivery.rice.edu,2025-05-24
dell-h625cdw-014894.rice.edu,2025-05-03
dell310.rice.edu,2025-05-03
demeter.cs.rice.edu,2025-05-03
dems.rice.edu,2026-09-17
denali.rice.edu,2025-05-03
dengue.rice.edu,2024-12-11
dengwei.blogs.rice.edu,2024-12-11
denisereyes.rice.edu,2026-09-23
dentergem.cs.rice.edu,2025-05-03
denver.rice.edu,2025-05-03
depot.cnx.rice.edu,2025-05-03
deptchair.rice.edu,2026-09-28
deptwww-gw.rice.edu,2025-05-03
desert.cnx.rice.edu,2024-12-11
desrochesinauguration.rice.edu,2025-05-24
deuterium.rice.edu,2025-05-03
dev-dining.rice.edu,2026-08-06
dev-housing.rice.edu,2026-08-20
dev.cnxconference.rice.edu,2024-12-11
dev.feministeconomics.rice.edu,2024-12-11
dev.iam.rice.edu,2026-09-30
dev.lacsi.rice.edu,2024-12-11
dev.library.rice.edu,2026-08-10
dev.pubaffairs.rice.edu,2024-12-11
dev.vgrads.rice.edu,2024-12-11
devbkupexec.rice.edu,2025-05-03
devbox.ece.rice.edu,2024-12-11
devcluster.rice.edu,2025-05-03
devclustern2.rice.edu,2024-12-11
devdataserv.rice.edu,2025-05-03
develop-host.rice.edu,2025-05-03
devikamac.rice.edu,2025-05-03
devikas-mbp-4.rice.edu,2025-05-03
devitnode1.rice.edu,2025-05-03
devitnode2.rice.edu,2025-05-03
devshares.rice.edu,2025-05-03
devtele.rice.edu,2025-05-03
devuser.rice.edu,2025-05-03
devxchng.rice.edu,2025-05-03
dfa.rice.edu,2026-09-23
dfarice.blogs.rice.edu,2024-12-11
dft.rice.edu,2025-05-03
dftb.rice.edu,2025-05-03
dftc.rice.edu,2025-05-03
dh-caam-d25k10dmdnmm.rice.edu,2025-05-03
dh-stat-d25j11t7dhjr.rice.edu,2025-05-03
dh2065.cs.rice.edu,2025-05-03
dh2071.cs.rice.edu,2025-05-03
dhi.rice.edu,2025-05-24
dhj.rice.edu,2026-09-17
dholakia.web.rice.edu,2024-12-11
dholmes.rice.edu,2026-09-17
diablo.rice.edu,2025-05-03
diamond.rice.edu,2025-05-03
diandabeer.rice.edu,2026-09-17
dibble.rice.edu,2026-09-17
diego.rice.edu,2025-05-03
diffeq.ece.rice.edu,2025-05-03
digital.films.com.ezproxy.rice.edu,2024-12-11
digital.rice.edu,2026-07-16
digitalcollections.rice.edu,2026-02-09
digitaldmc.library.rice.edu,2026-08-06
digitalgym.rice.edu,2026-09-19
digitalhistory.blogs.rice.edu,2024-12-11
digitalhumanities.blogs.rice.edu,2024-12-11
digitalhumanities.rice.edu,2026-09-17
digitalimagination.blogs.rice.edu,2024-12-11
digitalprojects.rice.edu,2026-09-27
digitalsignalprocessing.blogs.rice.edu,2024-12-11
dijkstra.cnx.rice.edu,2025-05-03
dijon.rice.edu,2025-05-03
diluvialhouston.rice.edu,2025-05-24
dining.rice.edu,2025-05-24
dino.cs.rice.edu,2025-05-03
dir-n1.rice.edu,2025-10-18
dir-n2.rice.edu,2025-10-18
dirac.rice.edu,2025-05-03
directory-n1.rice.edu,2025-10-18
directory.rice.edu,2025-10-18
disaster.rice.edu,2025-05-03
discover.rice.edu,2026-09-24
dislocados.rice.edu,2026-09-20
divergenceindex.rice.edu,2026-06-26
diversity.rice.edu,2026-09-10
divntpar-gw.rice.edu,2025-05-03
divntsvc-gw.rice.edu,2025-05-03
dlecrone.rice.edu,2025-05-03
dlong-pc.rice.edu,2025-05-03
dmc.rice.edu,2026-08-10
dmcgallery.blogs.rice.edu,2024-12-11
dmcgallery.rice.edu,2026-09-18
dmi.rice.edu,2026-09-26
dmpc.rice.edu,2024-12-11
dmz-gw.rice.edu,2024-12-11
dno2.rice.edu,2025-05-03
dns.dr.rice.edu,2024-12-11
dns.smu.rice.edu,2025-05-03
dnsnlb-n1.rice.edu,2025-05-03
dnsnlb-n2.rice.edu,2025-05-03
dnsnlb.rice.edu,2025-05-03
dobelman.rice.edu,2026-09-16
docave.cs.rice.edu,2025-05-03
doccenter.rice.edu,2025-12-16
docs.politicalscience.rice.edu,2024-12-11
docs.rice.edu,2024-12-11
doctorflood.rice.edu,2025-05-24
doerr.rice.edu,2025-05-24
doerrinstitute.rice.edu,2026-09-25
doha.lom.rice.edu,2025-05-03
doha.rice.edu,2025-05-03
doi-org.ezproxy.rice.edu,2025-05-24
dominick-s-s20-fe.rice.edu,2025-05-03
donate-to-ece.rice.edu,2026-09-22
donate.boniuk.rice.edu,2024-12-11
donate.rice.edu,2026-09-28
donorai.rice.edu,2026-09-27
doost.web.rice.edu,2025-05-24
dose.rice.edu,2026-09-17
dou.rice.edu,2026-09-25
dove.rice.edu,2025-05-03
dover.rice.edu,2025-05-03
dowlingcast.blogs.rice.edu,2024-12-11
dowlingdates.blogs.rice.edu,2024-12-11
dowlingmap.blogs.rice.edu,2024-12-11
dowlingmovie.blogs.rice.edu,2024-12-11
dpdpjpr22.rice.edu,2025-05-03
dr-vsphere1.rice.edu,2024-12-11
dr-vsphere2.rice.edu,2024-12-11
dr0.rice.edu,2024-12-11
dr1.lom.crc.rice.edu,2025-10-29
dr3.rice.edu,2024-12-11
dr5.rice.edu,2024-12-11
dr6.rice.edu,2024-12-11
draak.cs.rice.edu,2025-05-03
drashdi.blogs.rice.edu,2024-12-11
drbillgrant.blogs.rice.edu,2024-12-11
drbillgrant.rice.edu,2026-09-13
drc.rice.edu,2026-10-01
dream.blogs.rice.edu,2024-12-11
dream.rice.edu,2026-09-13
dresden.rice.edu,2024-12-11
drib.rice.edu,2025-05-03
dropbox.rice.edu,2026-02-22
drweb.rice.edu,2024-12-11
dslam-64.rice.edu,2025-05-03
dsmeetup.rice.edu,2026-09-19
dsp.ece.rice.edu,2025-05-24
dsp.rice.edu,2026-09-16
dsp0.rice.edu,2024-12-11
dspace-dev-n2.rice.edu,2025-03-01
dspace-dev-web-n2.rice.edu,2025-03-01
dspace-dev.rice.edu,2025-05-03
dspace-prod-web-n2.rice.edu,2025-03-01
dspace-v2.rice.edu,2026-03-24
dspace.rice.edu,2026-03-24
dspacedev.rice.edu,2026-03-24
dss.rice.edu,2026-09-29
dssi.blogs.rice.edu,2024-12-11
dssi.rice.edu,2026-09-13
dstoolsandmodels.rice.edu,2026-09-18
dtn.rcsg.rice.edu,2025-05-03
dtn1.crc.rice.edu,2024-12-11
dtn1.lom.crc.rice.edu,2025-10-30
dtn2.crc.rice.edu,2024-12-11
dtn3.crc.rice.edu,2026-01-01
dtnha1.crc.rice.edu,2026-01-01
dtnha1.lom.crc.rice.edu,2025-10-11
dtnha2.crc.rice.edu,2026-01-01
duenas-osorio.rice.edu,2025-05-24
dufay.rice.edu,2025-05-03
dukejournals.org.ezproxy.rice.edu,2024-12-11
dun-classrm-gw.rice.edu,2025-05-03
dun020293c8jgh6.rice.edu,2025-05-03
dune-tech.rice.edu,2026-09-30
dunepier.rice.edu,2026-09-23
duo.iam.rice.edu,2025-05-03
dustin.rice.edu,2025-05-03
duvalgx270.rice.edu,2025-05-03
dw20.cs.rice.edu,2025-05-03
dworks-devl.rice.edu,2026-08-02
dworks-ora-prod.rice.edu,2025-05-03
dworks-pprd.rice.edu,2025-10-02
dworks-prod-n1.rice.edu,2025-05-03
dworks-prod-n2.rice.edu,2026-02-10
dworks.rice.edu,2026-07-31
dworth.web.rice.edu,2024-12-11
dwt1.web.rice.edu,2024-12-11
dx.doi.org.ezproxy.rice.edu,2026-07-16
dyer.rice.edu,2025-05-03
dylan-s-tab-s7-fe.rice.edu,2025-05-03
dylan.rice.edu,2025-05-03
e00085cg8274xvc.rice.edu,2025-05-03
e00365cg9173ln2.rice.edu,2025-05-03
e5400-techta1.rice.edu,2025-05-03
e6540.rice.edu,2025-05-03
ea1vm1.rice.edu,2025-05-03
ea22.rice.edu,2025-05-03
eagle.ecg.rice.edu,2025-05-03
eagle.rice.edu,2025-05-03
earth.rice.edu,2026-07-16
earthscience.rice.edu,2024-12-11
ebank.rice.edu,2026-01-06
ebio319.blogs.rice.edu,2024-12-11
ebola.rice.edu,2024-12-11
ebooks.library.rice.edu,2026-08-06
eburg.rice.edu,2025-05-03
ece-246-161.ece.rice.edu,2025-05-03
ece-246-162.ece.rice.edu,2025-05-03
ece-246-183.ece.rice.edu,2024-12-11
ece-4-240.ece.rice.edu,2024-12-11
ece-dh3039-camppc.ece.rice.edu,2025-05-03
ece.rice.edu,2026-02-11
ececad.blogs.rice.edu,2024-12-11
ececad.rice.edu,2026-09-19
ececs.rice.edu,2024-12-11
eceweb.rice.edu,2025-05-24
ecg.rice.edu,2025-05-03
eclipse.rice.edu,2026-09-25
ecohumanities.blogs.rice.edu,2024-12-11
econ-bn2.rice.edu,2025-05-03
econ-zodrow-2.rice.edu,2025-05-03
econgrad-7.rice.edu,2025-05-03
economics.rice.edu,2025-05-24
ecostudioparis.rice.edu,2026-09-30
ecot.rice.edu,2025-05-03
ecotmedia.rice.edu,2024-12-11
ectvf.rice.edu,2026-09-30
edaac.blogs.rice.edu,2024-12-11
edaac.rice.edu,2026-09-13
eddie.cs.rice.edu,2025-05-03
eddiew.mems.rice.edu,2025-05-03
eddyhu-ms-7738.rice.edu,2025-05-03
eden-king.scholar.rice.edu,2024-12-11
edenbking.blogs.rice.edu,2024-12-11
edenking.rice.edu,2026-09-13
edes.rice.edu,2026-09-30
ediscovery-n1.rice.edu,2025-08-05
ediscovery-n2.rice.edu,2025-08-05
ediscovery.rice.edu,2025-08-05
edmonton.rice.edu,2025-05-03
eds.rice.edu,2025-05-03
edtech.blogs.rice.edu,2026-07-16
edtech.rice.edu,2026-09-29
edtechesx.rice.edu,2025-05-03
edtechweb.blogs.rice.edu,2024-12-11
edu.ezproxy.rice.edu,2024-12-11
eduardo-s-s21-ultra.rice.edu,2025-05-03
education.rice.edu,2026-09-30
eduroam-n1.rice.edu,2025-05-03
eduroam-n2.rice.edu,2025-05-03
eduroam-proxy1.rice.edu,2025-05-03
eduroam-proxy2.rice.edu,2025-05-03
edutools.rice.edu,2026-08-15
edwin-s-s22.rice.edu,2025-05-03
ee.hubspot.rice.edu,2026-02-10
ee.rice.edu,2024-12-11
eeb.rice.edu,2026-09-07
eei.rice.edu,2024-12-11
eeopaa.rice.edu,2026-09-26
eeps.rice.edu,2025-05-24
eeri.rice.edu,2026-09-13
eert.rice.edu,2025-05-03
eevee_11.rice.edu,2025-05-03
eeyore.rice.edu,2025-05-03
effort.rice.edu,2026-09-29
effortreporting.rice.edu,2026-08-25
egap.blogs.rice.edu,2025-05-24
egeus.rice.edu,2025-05-03
egg.rice.edu,2025-05-03
ehl.web.rice.edu,2024-12-11
ehri.rice.edu,2026-09-13
eic-2019gpu2.ece.rice.edu,2025-05-03
eic-2019gpu4.ece.rice.edu,2025-05-03
eic-2019gpu5.ece.rice.edu,2025-05-03
eic-2020gpu6.ece.rice.edu,2025-05-03
eic-2020gpu7.ece.rice.edu,2025-05-03
eic-2021wrk2.ece.rice.edu,2025-05-03
eic-cpu.ece.rice.edu,2025-05-03
eic-gpu.ece.rice.edu,2024-12-11
eidology.rice.edu,2026-09-13
ejip.rice.edu,2026-09-19
el.rice.edu,2025-05-03
elainehowardecklund.blogs.rice.edu,2024-12-11
elainehowardecklund.rice.edu,2026-09-07
elara.cs.rice.edu,2024-12-11
elasticgenie.rice.edu,2025-05-03
elcapitan.rice.edu,2025-05-03
elcoreanoperuano.blogs.rice.edu,2024-12-11
elec101.rice.edu,2025-05-03
elec241.rice.edu,2026-09-13
elec424.ece.rice.edu,2025-05-03
elec424.rice.edu,2024-12-11
elec435.rice.edu,2026-09-19
elec446.rice.edu,2025-05-03
elec531.blogs.rice.edu,2024-12-11
elec531.rice.edu,2024-12-11
elec576.rice.edu,2026-09-24
elektron.ece.rice.edu,2025-05-03
elidiaz.rice.edu,2026-09-13
elises-mbp-2.rice.edu,2025-05-03
elitebook2170-2.rice.edu,2025-05-03
elitecamp.rice.edu,2026-09-25
elizabethosullivan.rice.edu,2026-09-23
elk.crc.rice.edu,2025-12-13
elliott.rice.edu,2025-05-03
ellis.elec529.recg.rice.edu,2025-05-03
elpaso.lom.rice.edu,2024-12-11
elt.blogs.rice.edu,2024-12-11
elt.rice.edu,2026-09-13
elvis-presley.rice.edu,2025-05-03
elvis.ece.rice.edu,2025-05-03
embaileylt.rice.edu,2025-05-03
embodyingreligion.rice.edu,2026-10-01
emc.rice.edu,2026-09-19
emergency.blogs.rice.edu,2024-12-11
emergency.rice.edu,2025-05-24
emily-s-s10.rice.edu,2025-05-03
emily-s-s20-fe.rice.edu,2025-05-03
eminem.mems.rice.edu,2025-05-03
employment.rice.edu,2026-10-03
empower.rice.edu,2026-09-13
empulse.rice.edu,2026-10-02
ems.rice.edu,2026-09-08
ems2.rice.edu,2025-05-03
ems4.ad.rice.edu,2026-01-21
ems4.rice.edu,2026-01-21
energyenergyenergyinitiativeworkshop.rice.edu,2026-09-13
energysystems.blogs.rice.edu,2024-12-11
eng.rice.edu,2026-09-28
engfile.rice.edu,2025-05-03
engi210.blogs.rice.edu,2024-12-11
engievents.blogs.rice.edu,2024-12-11
engievents.rice.edu,2026-09-24
engine-1.wowza.rice.edu,2024-12-11
english.rice.edu,2025-05-24
englishandcreativewriting.rice.edu,2026-10-02
engr-fs-lo.rice.edu,2025-05-03
engr-pdc-lo.rice.edu,2025-05-03
engr-pdc.rice.edu,2025-05-03
engr-print.rice.edu,2025-05-03
engr.rice.edu,2026-09-08
engrprofmasters.blogs.rice.edu,2024-12-11
engrprofmasters.rice.edu,2026-10-02
enrich.rice.edu,2025-05-24
enrollmentreports.rice.edu,2024-12-11
ensor.blogs.rice.edu,2024-12-11
ensor.rice.edu,2026-09-22
ensorgroup.blogs.rice.edu,2024-12-11
enst.rice.edu,2026-07-16
entrepreneurship.rice.edu,2026-10-01
enviclub.rice.edu,2026-09-13
environmentalscience.rice.edu,2026-09-29
envision.blogs.rice.edu,2024-12-11
envision.rice.edu,2026-09-09
envs.rice.edu,2026-07-16
eos.rice.edu,2025-05-24
epidote.rice.edu,2025-05-03
epmp.rice.edu,2025-05-24
eproject6r.rice.edu,2025-05-03
epub.rice.edu,2025-05-03
eqma.rice.edu,2026-07-16
eraslan.web.rice.edu,2024-12-11
ercdci.rice.edu,2026-09-23
erdong-s-s22.rice.edu,2025-05-03
erdos.rice.edu,2025-05-03
eric-de-tab-s8.rice.edu,2025-05-03
eric-s-s10.rice.edu,2025-05-03
eric.cs.rice.edu,2025-05-03
ericchi.rice.edu,2026-09-19
erick-s-a13.rice.edu,2025-05-03
erinsapplewatch.rice.edu,2025-05-03
erit.rice.edu,2026-09-19
erit2012.rice.edu,2026-09-19
erit2013.rice.edu,2026-09-19
escherichia.rice.edu,2026-09-19
esci-auth.rice.edu,2025-05-03
esci-d0.rice.edu,2025-05-03
esci-gw.rice.edu,2024-12-11
esci-util.rice.edu,2025-05-03
esci.rice.edu,2024-12-11
esci231.rice.edu,2025-05-03
esci232.rice.edu,2025-05-03
esci233.rice.edu,2025-05-03
escicopier.rice.edu,2025-05-03
escivirt2.rice.edu,2025-05-03
esciweb.rice.edu,2024-12-11
esciweb2.rice.edu,2025-05-03
ese.rice.edu,2026-09-05
eseis.rice.edu,2025-05-03
esem.rice.edu,2025-05-03
esemlitho.rice.edu,2025-05-03
eshas-mbp.rice.edu,2025-05-03
eshelby.mems.rice.edu,2025-05-03
esi.rice.edu,2026-09-18
esiproject.blogs.rice.edu,2024-12-11
esl.rice.edu,2025-05-24
esp-5d8d35.rice.edu,2025-05-03
esp_06bfb0.rice.edu,2025-05-03
esp_16f4c7.rice.edu,2025-05-03
esp_173a58.rice.edu,2025-05-03
esp_1a84fd.rice.edu,2025-05-03
esp_ddc4a7.rice.edu,2025-05-03
espn3encoder.rice.edu,2025-05-03
espressif.rice.edu,2025-05-03
esrs.rice.edu,2026-08-04
esther-ords-dev.rice.edu,2025-05-03
esther-ords-pprd.rice.edu,2025-05-03
esther-ords-prod-n1.rice.edu,2025-05-03
esther-ords-prod-n2.rice.edu,2025-05-03
esther-sso.rice.edu,2026-07-16
esther.rice.edu,2026-07-16
esther1.rice.edu,2026-10-02
estonia.cs.rice.edu,2025-05-03
estrellita.rice.edu,2024-12-11
esxpub-gw.rice.edu,2025-05-03
et788c773cbce9.rice.edu,2025-05-03
etang.rice.edu,2026-09-19
ethernest.rice.edu,2024-12-11
ethics.rice.edu,2026-09-25
ethos.rice.edu,2026-09-30
etran-devl.rice.edu,2025-05-03
etran-prod-n1.rice.edu,2024-12-11
etvf.rice.edu,2026-09-28
eubank2020.rice.edu,2026-09-25
eubank2021.rice.edu,2026-09-23
eubank2022.rice.edu,2026-09-13
eubankconference.blogs.rice.edu,2024-12-11
eubankconference18.rice.edu,2026-09-23
eubankconference2017.rice.edu,2026-09-16
euridice.rice.edu,2024-12-11
europa.cs.rice.edu,2025-05-03
evansstv.rice.edu,2025-05-03
evas-air.rice.edu,2025-05-03
eve.ece.rice.edu,2025-05-03
events.rice.edu,2026-10-01
ewanowara.rice.edu,2026-09-19
ewb.civil.rice.edu,2024-12-11
ewb.rice.edu,2026-09-16
ewbrice.blogs.rice.edu,2024-12-11
excalibur.rice.edu,2025-05-03
excel.rice.edu,2026-09-30
exchange-web1.rice.edu,2025-05-03
exchange-web2.rice.edu,2025-05-03
exchange.rice.edu,2026-02-01
exchange1.rice.edu,2026-02-01
exchange2.rice.edu,2026-02-01
exchange2016.rice.edu,2024-12-11
exciton.cs.rice.edu,2025-08-06
execed-dev.rice.edu,2024-12-11
execed.rice.edu,2026-09-13
exhibits.library.rice.edu,2026-07-29
exodus.cs.rice.edu,2025-05-03
exodus.rice.edu,2025-05-03
exp-c-01.comms.rice.edu,2026-03-07
exp-conn-01.comms.rice.edu,2026-03-07
exp-e-01.comms.rice.edu,2026-03-07
exp-e-01.rice.edu,2026-03-07
exp-e.comms.rice.edu,2026-03-07
exp-e.rice.edu,2026-03-07
experience.rice.edu,2025-10-16
experts-admin.rice.edu,2026-09-10
experts.rice.edu,2026-09-11
explore.rice.edu,2026-09-27
exproxy.rice.edu,2026-03-21
ext-fwd-iso.rice.edu,2025-05-03
ezproxy.rice.edu,2026-03-21
fa.rice.edu,2026-09-06
face.rice.edu,2026-09-09
fachandbook.rice.edu,2025-05-24
facilities.rice.edu,2025-05-24
faculty-jobs.rice.edu,2026-09-24
faculty.rice.edu,2026-10-03
faculty01.rice.edu,2025-05-03
faculty02.rice.edu,2025-05-03
faculty03.rice.edu,2025-05-03
facultyclub.rice.edu,2025-05-24
facultydev.rice.edu,2025-05-03
facultyombuds.rice.edu,2024-12-11
facultywomensclub.blogs.rice.edu,2024-12-11
facultywomensclub.rice.edu,2026-09-07
falcon.ece.rice.edu,2024-12-11
falcon.ecg.rice.edu,2026-10-03
falstaff.acs.rice.edu,2026-09-23
falstaff.rcs.rice.edu,2026-09-23
falstaff.rice.edu,2026-09-23
familiesweekend.rice.edu,2026-09-29
familyrmappletv.rice.edu,2025-05-03
famisdbstatus.blogs.rice.edu,2024-12-11
famisweb.rice.edu,2026-10-01
farana.rice.edu,2026-10-02
fareseldahdah.hrc.rice.edu,2024-12-11
fareseldahdah.rice.edu,2025-05-24
fas2.rice.edu,2025-05-03
fas3.rice.edu,2026-01-19
faten-s-s10.rice.edu,2025-05-03
fatima.rice.edu,2025-05-03
fatimaahsan.rice.edu,2026-09-23
fayeyap.rice.edu,2026-09-23
fb11.arc.rice.edu,2025-05-03
fc-switch1.rice.edu,2025-05-03
fc-switch2.rice.edu,2025-05-03
fc10.web.rice.edu,2024-12-11
fc45c3b7777f-mysimplelink.rice.edu,2025-05-03
fcmack.web.rice.edu,2024-12-11
fcueto.rice.edu,2025-05-03
fdcw.rice.edu,2024-12-11
fe-7frx243.rice.edu,2025-05-03
fe-7fsq243.rice.edu,2025-05-03
fe-desigo03.rice.edu,2026-01-05
fe-desigo06.rice.edu,2025-03-18
fe-pme01.rice.edu,2025-11-11
fe-tridium.rice.edu,2025-07-03
fedsoc.rice.edu,2026-09-13
feeder.rice.edu,2025-05-03
felix.recg.rice.edu,2025-05-03
femfatalatron.rice.edu,2025-05-03
femur.rice.edu,2025-05-03
fenglin.rice.edu,2025-05-03
fep-hall-color.rice.edu,2025-05-03
fepali3.rice.edu,2025-05-03
fepcapitalbudget.rice.edu,2024-12-11
fepcarpentryshop.rice.edu,2025-05-03
fermenter.rice.edu,2025-05-03
fermion1.rice.edu,2025-05-03
fernando-s-s20-fe.rice.edu,2025-05-03
ferns-surface-pro.rice.edu,2025-05-03
ferodeo2024.rice.edu,2026-09-19
ferrosilite.rice.edu,2025-05-03
field-of-dragons.rice.edu,2025-05-03
fierce.cs.rice.edu,2025-05-24
fiji.lom.rice.edu,2025-05-03
fiji.rice.edu,2025-05-03
file-open.rice.edu,2026-02-24
files.oie.rice.edu,2024-12-11
film.rice.edu,2026-09-29
financegroup.rice.edu,2026-09-17
financeserver.rice.edu,2024-12-11
financialaid.rice.edu,2025-05-24
find.galegroup.com.ezproxy.rice.edu,2024-12-11
finland.cs.rice.edu,2025-05-03
fiona.crc.rice.edu,2025-05-03
fire.rice.edu,2025-05-03
fireeye-aess.rice.edu,2025-05-03
first.rice.edu,2026-09-22
fis-archive.rice.edu,2026-07-16
fis-ora-prod.rice.edu,2025-05-03
fisdata.rice.edu,2025-05-03
fish.rascals.rice.edu,2025-05-03
fjones.blogs.rice.edu,2024-12-11
flake.rice.edu,2024-12-11
flatcam.rice.edu,2026-09-16
fldp-n1.rice.edu,2024-12-11
fldp-n2.rice.edu,2024-12-11
fleet.rice.edu,2024-12-11
floodregistry.rice.edu,2025-05-24
fls.rice.edu,2025-05-03
flubber.rice.edu,2025-05-03
fluffy.rice.edu,2025-05-03
fluorine.rice.edu,2025-05-03
flynn.rice.edu,2026-09-24
fms1.rice.edu,2026-07-21
fms2.rice.edu,2025-04-17
fod-infobase-com.ezproxy.rice.edu,2024-12-11
fod.infobase.com.ezproxy.rice.edu,2024-12-11
folie.cs.rice.edu,2025-05-03
fom.rice.edu,2025-05-24
fon-aqua.ad.rice.edu,2025-05-03
fon-dss-dspace-prod-web.rice.edu,2026-03-24
fon-gis.rice.edu,2025-05-03
fon-stagelink-v1.rice.edu,2026-09-22
fon-thor.rice.edu,2024-12-11
fon-yj4.rice.edu,2025-05-03
fondren1ps.rice.edu,2025-05-03
fondren2ps.rice.edu,2025-05-03
fondren3ps.rice.edu,2025-05-03
fondrengifts.rice.edu,2026-09-25
fondrenlearning.blogs.rice.edu,2025-05-24
fonlibweb.rice.edu,2025-05-03
fonproj-v3.rice.edu,2025-05-03
fonproj-v4.rice.edu,2025-11-11
fonprojdev-v4.rice.edu,2026-08-06
fonweb-dev-v4.rice.edu,2026-08-10
fonweb-prod-v4.rice.edu,2026-08-10
fonweb-v2.rice.edu,2025-05-03
foo-help.cs.rice.edu,2025-05-03
foodsober.rice.edu,2024-12-11
footballvideo.rice.edu,2025-05-03
forecast.rice.edu,2024-12-11
forensics.rice.edu,2025-05-24
foresight.ece.rice.edu,2025-05-03
forest.cnx.rice.edu,2025-05-03
forms.activities.rice.edu,2026-02-09
forms.alumni.rice.edu,2026-02-09
forms.faculty.rice.edu,2026-02-09
forms.gsa.rice.edu,2026-02-09
forms.gscs.rice.edu,2026-02-09
forms.help.rice.edu,2026-02-09
forms.helpdesk.rice.edu,2026-02-09
forms.natsci.rice.edu,2026-02-09
forms.sa.rice.edu,2026-02-09
forms.studentactivities.rice.edu,2026-02-09
forms.webservices.rice.edu,2026-02-09
fornax.rice.edu,2024-12-11
fortheloveoflearning.rice.edu,2026-09-19
fortythree.rice.edu,2025-05-03
forum.blogs.rice.edu,2026-07-16
forum.rice.edu,2026-09-19
foswald.rice.edu,2026-09-30
fountain.cnx.rice.edu,2025-05-03
fouroneone.rice.edu,2024-12-11
fox.web.rice.edu,2026-07-16
foxhole.cnx.rice.edu,2024-12-11
fr-thinkpad.rice.edu,2025-05-03
franz.rice.edu,2025-05-03
frazer.rice.edu,2024-12-11
freedmanstownarchaeology.rice.edu,2025-05-24
freepastry.rice.edu,2026-07-16
french.rice.edu,2024-12-11
freya.cs.rice.edu,2025-05-03
freyja.rice.edu,2024-12-11
fried.rice.edu,2026-09-07
frio.ece.rice.edu,2025-05-03
frye.rice.edu,2025-05-03
fs.rice.edu,2025-05-03
fs10002422.rice.edu,2025-05-03
ftp.cs.rice.edu,2024-12-11
fulbright.rice.edu,2025-05-24
full-p18e5o7tam.rice.edu,2025-05-03
fullduplex.blogs.rice.edu,2024-12-11
fullduplex.rice.edu,2026-09-19
fullerenol.rice.edu,2025-05-03
funandfresh.rice.edu,2025-05-03
funnyguanaco.rice.edu,2025-05-03
fusion.rice.edu,2025-05-03
futureofbusiness.rice.edu,2026-06-24
futureowls.rice.edu,2026-10-03
fw-mud-230-f17.rice.edu,2025-05-03
fw-mud-230-f18.rice.edu,2025-05-03
fwd01.chronicle.rice.edu,2026-01-01
fwd02.chronicle.rice.edu,2025-07-26
fwis.rice.edu,2024-12-11
fwiswritingassessment.rice.edu,2024-12-11
g24k_51547c6a252a4948.rice.edu,2025-05-03
g24ks_4b85c454c9460425.rice.edu,2025-05-03
g24ks_b78f48258cdc9179.rice.edu,2025-05-03
g24ks_ede63f52a211ef57.rice.edu,2025-05-03
g3258pc.rice.edu,2025-05-03
g3bob.cs.rice.edu,2025-05-03
g7-thinq.rice.edu,2025-05-03
g8x-thinq.rice.edu,2025-05-03
ga-gw.rice.edu,2024-12-11
ga.rice.edu,2026-09-29
gabby-s-z-flip4.rice.edu,2025-05-03
gainesville.rice.edu,2025-05-03
galatea.cs.rice.edu,2025-05-03
galileo-dev.library.rice.edu,2026-08-06
galileo.library.rice.edu,2026-08-28
galileo.rice.edu,2025-05-24
galliettlt.rice.edu,2025-05-03
galway.cs.rice.edu,2025-05-03
gamermode.rice.edu,2025-05-03
gamma.cs.rice.edu,2025-05-03
ganymede.cs.rice.edu,2025-05-03
garageland.rice.edu,2025-05-03
garden.rice.edu,2025-05-24
garlic.rice.edu,2025-05-03
garnish.cnx.rice.edu,2025-05-03
garuda.cs.rice.edu,2025-05-03
garvengaschen2.rice.edu,2025-05-03
gateway.rice.edu,2025-05-24
gateway3bd9bb.rice.edu,2025-05-03
gatewayd0ae38.rice.edu,2025-05-03
gauss.cs.rice.edu,2025-05-03
gauss.rice.edu,2025-05-03
gcc.rice.edu,2026-02-11
gccamrjan2020.blogs.rice.edu,2024-12-11
gccmh2020.blogs.rice.edu,2024-12-11
gccregenerativemedicine.rice.edu,2026-10-02
gccti2020.blogs.rice.edu,2026-07-16
gcurs.blogs.rice.edu,2024-12-11
gcurs.rice.edu,2025-05-24
gcursapply.rice.edu,2026-10-01
gcursmexico.rice.edu,2026-09-16
gdc.blogs.rice.edu,2024-12-11
gdec.rice.edu,2024-12-11
gdpr.rice.edu,2026-10-01
gelp.business.rice.edu,2024-12-11
gem.rice.edu,2024-12-11
gened.rice.edu,2025-05-24
genefrantz.blogs.rice.edu,2024-12-11
genevera.rice.edu,2026-09-22
geo-gw.rice.edu,2025-05-03
geo.rice.edu,2025-05-03
geo130ps.rice.edu,2025-05-03
geoallies.rice.edu,2024-12-11
geocopier.rice.edu,2025-05-03
geophysics.rice.edu,2024-12-11
geounion.rice.edu,2024-12-11
german.blogs.rice.edu,2024-12-11
german.rice.edu,2024-12-11
geseis-d0.rice.edu,2025-05-03
geseis.rice.edu,2025-05-03
getachew.rice.edu,2026-09-22
getsmarter.rice.edu,2024-12-11
geurts.rice.edu,2026-09-11
ggcl.rice.edu,2026-08-11
ghasempour.rice.edu,2026-09-19
ghc.rice.edu,2026-09-09
gho.cs.rice.edu,2025-05-03
gianni.rice.edu,2025-05-03
giftplan.rice.edu,2026-09-02
gilgamesh.stat.rice.edu,2025-05-03
gimli.rice.edu,2025-05-03
gina-s-s22-ultra.rice.edu,2025-05-03
giotto.rice.edu,2025-05-03
girlattheopera.blogs.rice.edu,2024-12-11
giselaheffes.rice.edu,2026-09-23
git.cs.rice.edu,2025-05-03
git.iam.rice.edu,2026-08-12
git.rice.edu,2024-12-11
giulia-s-s22.rice.edu,2025-05-03
giving.rice.edu,2025-05-24
givingtuesday.rice.edu,2026-09-29
glaciercasualtylist.rice.edu,2026-08-11
gladius.cnx.rice.edu,2025-05-03
glbe.rice.edu,2026-09-27
global.rice.edu,2026-09-29
globalaffairs.rice.edu,2026-10-02
globalchinaconnection.blogs.rice.edu,2024-12-11
globalchinaconnection.rice.edu,2026-09-30
globalseismology.rice.edu,2024-12-11
gloria-s-s23.rice.edu,2025-05-03
glotoneria.ece.rice.edu,2025-05-03
gls.rice.edu,2026-09-11
glycine.rice.edu,2025-05-03
gmi.rice.edu,2026-09-19
gmi2.blogs.rice.edu,2024-12-11
gmig.blogs.rice.edu,2024-12-11
gmig.rice.edu,2025-05-24
gmigration00.rice.edu,2025-05-03
gmigration01.rice.edu,2025-05-03
go.doerr.rice.edu,2025-03-10
go.galegroup.com.ezproxy.rice.edu,2024-12-11
goa.rice.edu,2025-05-03
godzilla.rice.edu,2025-05-03
gong.rice.edu,2026-09-23
goni-pc.rice.edu,2025-05-03
gonnermann.rice.edu,2025-05-24
google-home-mini.rice.edu,2025-05-03
google-nest-hub.rice.edu,2025-05-03
google-nest-mini.rice.edu,2025-05-03
gort.cs.rice.edu,2025-05-03
gou30254.rice.edu,2025-05-03
gou30257.rice.edu,2025-05-03
governmentrelations.rice.edu,2026-07-16
gpo-lockss.rice.edu,2024-12-11
gps.rice.edu,2026-09-26
gps007.rice.edu,2024-12-11
gpsdocs.rice.edu,2024-12-11
gpsfees.rice.edu,2026-09-07
gpsrequests.rice.edu,2026-07-16
gpu.cs.rice.edu,2025-05-03
grace.cs.rice.edu,2025-05-03
gradadmin.rice.edu,2024-12-11
gradadmissions.rice.edu,2026-09-28
gradambassadors.rice.edu,2026-09-24
gradapply.rice.edu,2026-09-09
gradconvocation.rice.edu,2024-12-11
gradhandbooks.rice.edu,2026-07-16
gradhonor.blogs.rice.edu,2024-12-11
gradhonor.rice.edu,2026-09-19
gradloancloset.blogs.rice.edu,2024-12-11
gradstarter.rice.edu,2026-09-30
graduate.rice.edu,2025-05-24
graduatecouncil.rice.edu,2024-12-11
grafana.crc.rice.edu,2026-02-05
grande-allen.rice.edu,2025-05-03
grandegroup.blogs.rice.edu,2024-12-11
grandegroup2.rice.edu,2025-05-03
grantai.rice.edu,2025-03-12
grants.rice.edu,2026-09-26
grapefruit-v262.rice.edu,2025-05-03
grapefruit-v263.rice.edu,2025-05-03
grapefruit-v264.rice.edu,2025-05-03
grapefruit-v265.rice.edu,2025-05-03
grapefruit-v269.rice.edu,2025-05-03
grapefruit-v273.rice.edu,2025-05-03
grapefruit-v277.rice.edu,2024-12-11
grapefruit-v280.rice.edu,2025-05-03
grapefruit-v281.rice.edu,2025-05-03
grapefruit-v296.rice.edu,2025-05-03
grapefruit-v61.ir.rice.edu,2025-05-03
grapefruit-v61.rice.edu,2024-12-11
grbw3157mcf6f2.rice.edu,2025-05-03
greenland.cs.rice.edu,2025-05-03
griffin.rice.edu,2024-12-11
grizzly.rice.edu,2025-05-03
grouper-ws.rice.edu,2025-04-05
grouper.rice.edu,2025-04-05
grouperdev.rice.edu,2026-07-02
grr-7420-4065.rice.edu,2025-05-03
grs1758.rice.edu,2025-05-03
gsa.rice.edu,2025-05-24
gsabeerbike.rice.edu,2024-12-11
gscs.rice.edu,2026-10-03
gscscatalog.rice.edu,2026-09-25
gscscustomreports.rice.edu,2024-12-11
gsdb.rice.edu,2024-12-11
gse30051lt.rice.edu,2025-05-03
gseis.rice.edu,2025-05-24
gsi.blogs.rice.edu,2025-05-24
guad.cs.rice.edu,2025-05-03
guadalupe.rice.edu,2026-09-10
guayacan.rice.edu,2025-05-03
guddi.rice.edu,2025-05-03
guest.rice.edu,2024-12-11
guestwireless.rice.edu,2024-12-11
guha.rice.edu,2026-09-13
guitar.rice.edu,2024-12-11
gul.blogs.rice.edu,2024-12-11
gulf.rice.edu,2025-05-24
gullo.rice.edu,2025-05-03
guscus.lom.rice.edu,2026-09-11
guscus.rac.rice.edu,2026-09-11
guscus.rice.edu,2025-05-03
guscus2.rice.edu,2024-12-11
guslw-12-640.rice.edu,2025-05-03
guv.rice.edu,2025-05-03
gw.crc.rice.edu,2024-12-11
gw.guscus.rice.edu,2025-05-03
gw.rcsg.rice.edu,2024-12-11
gypsum.rice.edu,2025-05-03
gyre.rice.edu,2025-05-03
gzubiria.rice.edu,2026-09-13
h2geostorage.rice.edu,2026-09-19
h5-1.rice.edu,2025-05-03
h5-2.rice.edu,2025-05-03
haaa.rice.edu,2025-05-24
haaacovidchronicles.rice.edu,2026-09-23
haamster.rice.edu,2024-12-11
haas-pc.rice.edu,2025-05-03
habitat.rice.edu,2026-07-16
hacer.blogs.rice.edu,2024-12-11
hacer.rice.edu,2026-09-30
hack.rice.edu,2024-12-11
hafner.web.rice.edu,2025-05-24
hag-l-84628.rice.edu,2025-05-03
haifa.rice.edu,2025-05-03
haiyang.rice.edu,2026-09-22
hajimirza.rice.edu,2026-09-10
halas.rice.edu,2026-09-13
haley.rice.edu,2025-05-03
hammer.rice.edu,2024-12-11
han.stat.rice.edu,2026-02-18
hana.rice.edu,2025-05-03
handouts.gscs.rice.edu,2024-12-11
hangout.rice.edu,2026-09-18
hans.rice.edu,2025-05-03
hanssens.cs.rice.edu,2025-05-03
haofan_g14.rice.edu,2025-05-03
haowen.blogs.rice.edu,2024-12-11
haoxiangs-mbp.rice.edu,2025-05-03
haozhou.rice.edu,2026-10-03
happylibrarian.blogs.rice.edu,2024-12-11
haptonstall.rice.edu,2026-10-03
harlan.rice.edu,2024-12-11
harmony.rice.edu,2025-05-03
harrier.ecg.rice.edu,2025-05-03
harrier.rice.edu,2025-05-03
harrypotter.rice.edu,2025-05-03
hartgerink.rice.edu,2024-12-11
harveyregistry.rice.edu,2025-10-02
has.rice.edu,2026-10-01
haskell.cs.rice.edu,2025-05-03
hass4-hv3.lom.crc.rice.edu,2025-12-12
hass4-hv4.lom.crc.rice.edu,2025-12-12
hass4-on.crc.rice.edu,2026-06-30
hatch.rice.edu,2026-09-30
hautier.rice.edu,2026-09-23
havana.rice.edu,2024-12-11
hawk.ecg.rice.edu,2025-05-03
hawky.rice.edu,2025-05-03
hax.cs.rice.edu,2025-05-03
hayden-s-phone.rice.edu,2025-05-03
hb-classrm-gw.rice.edu,2025-05-03
hb227-mac.rice.edu,2025-05-03
hb227-pc.rice.edu,2025-05-03
hbh-newclassroom-gw.rice.edu,2025-05-03
hc.rice.edu,2026-09-18
hc25.web.rice.edu,2024-12-11
he6.web.rice.edu,2024-12-11
headsup.rice.edu,2025-05-03
health.rice.edu,2025-05-24
healthcare.rice.edu,2024-12-11
healthdesign.rice.edu,2026-09-23
heavyions.rice.edu,2026-10-01
heba.cs.rice.edu,2024-12-11
hedrick.blogs.rice.edu,2024-12-11
heisenberg.rice.edu,2025-05-03
hek5.blogs.rice.edu,2024-12-11
helge.rice.edu,2024-12-11
hello-world.rice.edu,2025-05-03
hello.rice.edu,2026-09-13
helmholtz.rice.edu,2025-05-03
help.rice.edu,2026-02-10
helpdesk.rice.edu,2026-10-02
helpdev.rice.edu,2025-12-13
hematite.rice.edu,2025-05-03
henze.rice.edu,2026-07-16
hephaestus.cs.rice.edu,2025-05-03
her-engl-fld791hv29.rice.edu,2025-05-03
her-newclassroom-gw.rice.edu,2024-12-11
hera.ece.rice.edu,2024-12-11
herakles.cs.rice.edu,2025-05-03
herc.rice.edu,2026-09-16
here.rice.edu,2026-09-07
heresymposium.rice.edu,2026-09-19
hermia.rice.edu,2025-05-03
hexagon.mems.rice.edu,2025-05-03
hexapole.rice.edu,2025-05-03
hfm.rice.edu,2026-09-29
hgsa.blogs.rice.edu,2024-12-11
hgsa.rice.edu,2026-09-19
hh125-mac.rice.edu,2025-05-03
hh125-pc.rice.edu,2025-05-03
hh126-mac.rice.edu,2025-05-03
hh126-pc.rice.edu,2025-05-03
hh128-mac.rice.edu,2025-05-03
hh128-pc.rice.edu,2025-05-03
hh224-mac.rice.edu,2025-05-03
hh224-pc.rice.edu,2025-05-03
hh308-mac.rice.edu,2025-05-03
hh308-pc.rice.edu,2025-05-03
hhass.rice.edu,2026-09-30
hhui-tab-s7.rice.edu,2025-05-03
hicks.stat.rice.edu,2025-05-03
hightc.cs.rice.edu,2025-05-03
hill.rice.edu,2025-05-03
himalayas.rice.edu,2025-05-03
hindi.blogs.rice.edu,2024-12-11
hindsight.ece.rice.edu,2025-05-03
hipco.rice.edu,2025-05-03
hist118.wcaleb.rice.edu,2026-07-16
hist159.blogs.rice.edu,2024-12-11
hist246.blogs.rice.edu,2024-12-11
hist423.blogs.rice.edu,2024-12-11
histories.cambridge.org.ezproxy.rice.edu,2025-05-24
history.rice.edu,2025-05-24
historyoghistoryoghittraxpc.rice.edu,2025-05-03
hiunb2101-05187.rice.edu,2025-05-03
hjha.blogs.rice.edu,2024-12-11
hksa.rice.edu,2024-12-11
hl_pan2-d03f271c64c1.rice.edu,2025-05-03
hobo.rice.edu,2025-05-03
hockey.rice.edu,2026-09-27
holly.rice.edu,2025-05-03
homecoming.rice.edu,2026-09-09
homer.rcsg.rice.edu,2025-05-03
homer.rice.edu,2025-05-03
homergl.rice.edu,2024-12-11
homerjh.rice.edu,2024-12-11
hongl.rice.edu,2026-09-19
hongyijin.rice.edu,2026-09-30
honor.blogs.rice.edu,2024-12-11
honor.rice.edu,2026-09-30
honor_7x-5c3c85a0f9120b21.rice.edu,2025-05-03
honor_9x-e4f23d6e87ccdfd7.rice.edu,2025-05-03
hood.rice.edu,2025-05-03
hooding.rice.edu,2024-12-11
hoots.rice.edu,2026-09-30
horn-studio.rice.edu,2025-05-03
horseradish.mems.rice.edu,2025-05-03
host-128-42-173-28.rice.edu,2025-05-03
hotpower2013.recg.rice.edu,2025-05-03
houdini.rice.edu,2026-09-25
housing.rice.edu,2025-05-24
housingofhouston.blogs.rice.edu,2024-12-11
houstonsurvey.rice.edu,2025-05-24
houstontransit.blogs.rice.edu,2024-12-11
hovel-v286.rice.edu,2025-05-03
hovel-v362.rice.edu,2025-05-03
hovel-v364.rice.edu,2025-05-03
hovel-v365.rice.edu,2025-05-03
hovel-v368.rice.edu,2025-05-03
hovel.rice.edu,2024-12-11
hr-shares.rice.edu,2025-05-03
hr-train-gbb-gw.rice.edu,2025-05-03
hr.rice.edu,2026-10-01
hrc.rice.edu,2025-05-24
hrcoriginal.rice.edu,2024-12-11
hrctimeline.rice.edu,2024-12-11
hrz-newclassroom-gw.rice.edu,2025-05-03
hs7-tc-105.rice.edu,2025-05-03
hsc-gw.rice.edu,2025-05-03
hsi.blogs.rice.edu,2024-12-11
hsr3.web.rice.edu,2024-12-11
hsx.sagepub.com.ezproxy.rice.edu,2024-12-11
ht2911981.rice.edu,2025-05-03
hta.rice.edu,2025-05-03
htweis-surface-pro.rice.edu,2025-05-03
huangvmware.rice.edu,2025-05-03
hubspot.rice.edu,2026-10-02
hudson.cs.rice.edu,2025-05-03
hueyhuangmac.rice.edu,2025-05-03
huff.rice.edu,2025-05-03
hughross.rice.edu,2026-10-03
humanfactors.rice.edu,2026-10-03
humanities.blogs.rice.edu,2024-12-11
humanities.rice.edu,2025-05-24
humed.rice.edu,2026-09-19
hummingbird.rice.edu,2025-05-03
hungs-mbp.rice.edu,2025-05-03
huntsville.rice.edu,2025-05-03
hutchutchv.proquest.com.ezproxy.rice.edu,2024-12-11
hvsmu.crc.rice.edu,2026-08-25
hw5.web.rice.edu,2024-12-11
hwhuang.rice.edu,2024-12-11
hydaspes.rice.edu,2025-05-03
hydra.blogs.rice.edu,2024-12-11
hydra.cs.rice.edu,2025-05-03
hydra.rice.edu,2025-05-03
hydrology.rice.edu,2026-09-09
hypereye.ece.rice.edu,2025-05-03
hyperloop.rice.edu,2026-09-23
hyundai-minipc.rice.edu,2025-05-03
hzmh-gw.rice.edu,2025-05-03
i59vid.rice.edu,2025-05-03
ia.rice.edu,2026-07-16
iam.rice.edu,2026-09-30
iannis.rice.edu,2025-05-03
ib-master-n1.rice.edu,2026-01-27
ib-master-n2.rice.edu,2026-01-27
ib-master-pdc.rice.edu,2026-09-11
ibb.rice.edu,2024-12-11
ibio.rice.edu,2026-09-19
ibiza.rice.edu,2025-05-03
ibl.rice.edu,2026-09-29
ibm43p260.rice.edu,2025-05-03
ibm43p260b.rice.edu,2025-05-03
ibmgroup-1.rice.edu,2025-05-03
ibmgroup-10.rice.edu,2024-12-11
ibmgroup-11.rice.edu,2025-05-03
ibmgroup-2.rice.edu,2025-05-03
ibmgroup-3.rice.edu,2025-05-03
ibmgroup-4.rice.edu,2025-05-03
ibmgroup-5.rice.edu,2025-05-03
ibmgroup-6.rice.edu,2025-05-03
ibmgroup-7.rice.edu,2024-12-11
ibmgroup-9.rice.edu,2025-05-03
iccp.blogs.rice.edu,2024-12-11
iccp.rice.edu,2026-09-19
iceberg.rice.edu,2025-05-03
iclr2020deepdiffeq.rice.edu,2026-09-22
icm_64.rice.edu,2025-05-03
ideas.rice.edu,2026-10-02
identity-portal.rice.edu,2026-09-06
ieee.rice.edu,2026-09-19
ieeecnx.rice.edu,2024-12-11
ieeephotonics.rice.edu,2026-09-19
ieeexplore.ieee.org.ezproxy.rice.edu,2024-12-11
ifcericesenai100k.rice.edu,2026-09-22
ifeoluwa-s-s22-ultra.rice.edu,2025-05-03
iforgot.rice.edu,2024-12-11
igem.rice.edu,2026-09-22
igert2.blogs.rice.edu,2024-12-11
igert2.rice.edu,2026-09-19
igoshin.rice.edu,2026-07-16
ihri.rice.edu,2025-05-24
iirt.rice.edu,2025-05-03
ike-lom1.rice.edu,2025-05-03
ike-lom2.rice.edu,2024-12-11
ike.rice.edu,2025-05-03
ilcec.blogs.rice.edu,2024-12-11
ilincabw.rice.edu,2025-05-03
ilincacolor.rice.edu,2025-05-03
illite.rice.edu,2025-05-03
im17.web.rice.edu,2024-12-11
images.webofknowledge.com.ezproxy.rice.edu,2024-12-11
imagine-oic-devl.rice.edu,2024-12-11
imagine-oic-pprd.rice.edu,2025-05-03
imagine-oic-prod.rice.edu,2025-05-03
imagineone.rice.edu,2026-09-30
imaginerio.rice.edu,2024-12-11
imaging.rice.edu,2025-05-03
imagingbasedsinglecellanalytics.blogs.rice.edu,2024-12-11
imperia.rice.edu,2025-05-03
implicit.rice.edu,2024-12-11
impossiblearchives.rice.edu,2026-09-29
impossiblechallenges.blogs.rice.edu,2024-12-11
impossiblechallenges.rice.edu,2026-09-19
imyarek.rice.edu,2025-05-03
inauguration.rice.edu,2025-05-24
inc.rice.edu,2026-07-16
incite.rice.edu,2024-12-11
incursus-makina.rice.edu,2025-05-03
indepheights.rice.edu,2025-05-24
indo.rice.edu,2025-05-03
infa-etlagent-dev-n1.rice.edu,2025-05-03
infa-etlagent-prerel-n1.rice.edu,2025-05-03
infa-etlagent-prod-n1.rice.edu,2025-05-03
infa-etlagent-prod-n2.rice.edu,2025-05-03
infa-etlagent-qa-n1.rice.edu,2025-05-03
infa-etlagent-qa-n2.rice.edu,2025-05-03
inferno.rice.edu,2025-05-03
infinix-hot-10-play.rice.edu,2025-05-03
info.continue.rice.edu,2026-09-28
infoblox.rice.edu,2026-09-11
infotrac.galegroup.com.ezproxy.rice.edu,2024-12-11
infoweb.newsbank.com.ezproxy.rice.edu,2024-12-11
infrm.rice.edu,2026-08-26
innovation.rice.edu,2025-05-24
innovationsymposium.rice.edu,2024-12-11
inquiry.rice.edu,2026-09-29
insanity.rice.edu,2025-05-03
insectbio.blogs.rice.edu,2024-12-11
insectbio.rice.edu,2026-09-19
insects.blogs.rice.edu,2024-12-11
insightiq.rice.edu,2025-10-18
institute.rice.edu,2026-10-01
instron1000.rice.edu,2025-05-03
interface.rice.edu,2026-09-09
interfaceneuro.rice.edu,2026-09-11
interloper.rice.edu,2025-05-03
internalaudit.rice.edu,2024-12-11
international.rice.edu,2024-12-11
inverted-investments.rice.edu,2025-05-24
io.cs.rice.edu,2025-05-03
io.rice.edu,2026-09-29
ioevolution.rice.edu,2024-12-11
ion.rice.edu,2024-12-11
iondistrict-admin.rice.edu,2026-01-15
ioob.rice.edu,2026-09-19
iopscience-iop-org.ezproxy.rice.edu,2025-05-24
iopsychology.rice.edu,2026-09-19
ios2024.rice.edu,2026-09-19
iprestricted-library-rice-edu.ezproxy.rice.edu,2024-12-11
ipsn2014-demos.recg.rice.edu,2024-12-11
ipsn2014-phdforum.recg.rice.edu,2024-12-11
ipsn2014-posters.recg.rice.edu,2024-12-11
ipsn2014.recg.rice.edu,2025-05-03
ir-gw.rice.edu,2024-12-11
irc.rice.edu,2026-01-06
iress.rice.edu,2024-12-11
iris.cs.rice.edu,2025-05-03
iris.rice.edu,2026-09-19
irislin.rice.edu,2026-10-01
irobot-0ffe856882164535b30875c0678b00d7.rice.edu,2025-05-03
irso.rice.edu,2026-09-07
is.retired.crc.rice.edu,2025-05-03
is.rice.edu,2025-05-03
ise.rice.edu,2026-03-03
iseed.rice.edu,2026-10-03
isiknowledge.com.ezproxy.rice.edu,2024-12-11
isiss-mac.rice.edu,2025-05-03
isla.rice.edu,2026-09-28
islam.rice.edu,2026-09-19
iso.rice.edu,2026-02-11
isos.rice.edu,2026-10-01
issues.rice.edu,2024-12-11
issyl.rice.edu,2026-09-23
istanbul.rice.edu,2026-09-19
it-clock-di1.rice.edu,2025-05-03
it-clock-di2.rice.edu,2025-05-03
it-clock.rice.edu,2025-05-03
it-shares-n1.rice.edu,2025-05-03
it.is.rice.edu,2024-12-11
it.rice.edu,2026-09-29
itadmin.rice.edu,2025-05-03
italianovero.rice.edu,2025-05-03
italianprogram.blogs.rice.edu,2024-12-11
ithaca.rice.edu,2026-10-03
ithaca2.rice.edu,2026-08-27
ithzel-s-a53.rice.edu,2025-05-03
itloaner3-7.rice.edu,2025-05-03
itnews.blogs.rice.edu,2026-07-16
itout.blogs.rice.edu,2024-12-11
iur.rice.edu,2026-09-09
iv500.rice.edu,2025-05-03
ive-toolkit.rice.edu,2025-05-24
ivytheseeker.blogs.rice.edu,2024-12-11
j-s-s21-ultra.rice.edu,2025-05-03
jabba.rice.edu,2025-05-03
jaber.rice.edu,2025-05-03
jacksoncx30w.rice.edu,2025-05-03
jacob-s-s21.rice.edu,2025-05-03
jacob.rice.edu,2025-05-03
jacobins.cs.rice.edu,2025-05-03
jadcscdev.rice.edu,2024-12-11
jadcsdev.rice.edu,2024-12-11
jade.clear7.rice.edu,2024-12-11
jade.clear9.rice.edu,2026-07-17
jadenstv.rice.edu,2025-05-03
jah.oxfordjournals.org.ezproxy.rice.edu,2026-07-16
jaha.rice.edu,2025-05-03
jalapeno-hot.is.rice.edu,2025-05-03
jalapeno.is.rice.edu,2025-05-03
jalbert.rice.edu,2025-05-03
jamali.rice.edu,2026-09-10
jan-s-s20.rice.edu,2025-05-03
janai.rice.edu,2025-05-03
janellstraach.rice.edu,2026-09-17
janus-pc.rice.edu,2025-05-03
japaneseprogram.blogs.rice.edu,2024-12-11
jaredhutson2.rice.edu,2025-05-03
jarjar.rice.edu,2025-05-03
jasmine.rice.edu,2025-05-03
jason.cs.rice.edu,2025-05-03
jasper.rice.edu,2025-05-03
jaspertan.web.rice.edu,2024-12-11
jaya.cs.rice.edu,2025-05-03
jaya.rice.edu,2024-12-11
jayoungs.rice.edu,2026-09-24
jbrb2j3-ag.rice.edu,2025-05-03
jcgs.stat.rice.edu,2024-12-11
jchill.rice.edu,2026-09-19
jd_camera.rice.edu,2025-05-03
jee3.web.rice.edu,2024-12-11
jeffrey-fleisher.scholar.rice.edu,2024-12-11
jeffreyfleisher.rice.edu,2026-09-13
jeffreys-air.rice.edu,2025-05-03
jellyfish.rice.edu,2025-05-03
jennifer-s-a52.rice.edu,2025-05-03
jenniferj.rice.edu,2025-05-03
jensinepaoletti.rice.edu,2026-09-23
jeol6500.rice.edu,2025-05-03
jeremys-mbp-4.rice.edu,2025-05-03
jerryskids1.rice.edu,2025-05-03
jerryskids2.rice.edu,2025-05-03
jerseymac.rice.edu,2025-05-03
jewishstudies.rice.edu,2025-05-24
jfk60.rice.edu,2026-09-29
jg.crc.rice.edu,2025-05-03
jgs.rice.edu,2026-03-06
jgsaccounting.rice.edu,2026-10-01
jgsb-payflow-n1.rice.edu,2026-09-12
jgsbreakroom.rice.edu,2025-05-03
jgscrm.rice.edu,2024-12-11
jgsmcnair116.rice.edu,2025-05-03
jgsmedia.rice.edu,2025-05-03
jgsps2.rice.edu,2026-07-22
jgspurchasing.rice.edu,2024-12-11
jgsrc1.lom.rice.edu,2026-09-02
jgsrc1.rice.edu,2026-04-30
jgt2.web.rice.edu,2024-12-11
jh-jh25.web.rice.edu,2024-12-11
jhu.edu.ezproxy.rice.edu,2024-12-11
jian.recg.rice.edu,2025-05-03
jiankuihe.rice.edu,2024-12-11
jianrongdong.blogs.rice.edu,2024-12-11
jianrongdong.rice.edu,2026-09-19
jie.cs.rice.edu,2025-05-03
jim-s-s21-fe.rice.edu,2025-05-03
jim.rice.edu,2025-05-03
jimdev.rice.edu,2025-05-03
jimi.cs.rice.edu,2025-05-03
jingyi.blogs.rice.edu,2024-12-11
jjchen.rice.edu,2026-09-13
jjs.rice.edu,2025-05-03
jl.rice.edu,2024-12-11
jl86.cs.rice.edu,2025-05-03
jmc3.blogs.rice.edu,2024-12-11
jmd11.web.rice.edu,2024-12-11
jmg3.web.rice.edu,2024-12-11
jmil.web.rice.edu,2024-12-11
joanys-air.rice.edu,2025-05-03
jobs.rice.edu,2025-05-24
joe.rice.edu,2025-05-03
joff-205.rice.edu,2025-05-03
joff-pc.rice.edu,2024-12-11
jofflnx.rice.edu,2025-05-03
john-mulligan.scholar.rice.edu,2024-12-11
john-s-s21.rice.edu,2025-05-03
johndobelman.rice.edu,2026-09-23
joint.rice.edu,2026-10-02
joints.rice.edu,2026-09-16
jolene.rice.edu,2025-05-03
jomh-gw.rice.edu,2025-05-03
jonafree.rice.edu,2025-05-03
jonathan-s-s22.rice.edu,2025-05-03
jones-ec1.rice.edu,2025-05-03
jones-ec2.rice.edu,2025-05-03
jones-exchange.rice.edu,2025-05-03
jones.rice.edu,2026-09-18
jonesdonate.rice.edu,2024-12-11
jonesgsm.rice.edu,2026-07-16
jonesoweek2014.rice.edu,2026-09-19
jonesps.rice.edu,2025-05-03
joni.cs.rice.edu,2025-05-03
jora-gw.rice.edu,2025-05-03
jordan-nest.rice.edu,2025-05-03
jordun-s-s20.rice.edu,2025-05-03
jose-s-s21-ultra.rice.edu,2025-05-03
josearanda.rice.edu,2026-09-22
josecastro.rice.edu,2025-05-03
joseph-s-a13.rice.edu,2025-05-03
josephcampana.rice.edu,2026-09-19
josephegbulefu.rice.edu,2026-09-19
joshua-lt.rice.edu,2025-05-03
josquin.rice.edu,2025-05-03
joule.rice.edu,2025-05-03
journals-sagepub-com.ezproxy.rice.edu,2026-07-16
journals.aps.org.ezproxy.rice.edu,2025-05-24
journals.sagepub.com.ezproxy.rice.edu,2024-12-11
joyces-mbp.rice.edu,2025-05-03
jpcsurfacepro.rice.edu,2025-05-03
jpixley.rice.edu,2026-09-13
jpltw-190013.rice.edu,2025-05-03
jrandall.rice.edu,2026-09-13
jrotter.rice.edu,2025-05-03
jsempgroup.rice.edu,2026-09-19
jsh.rice.edu,2026-09-29
judge.rice.edu,2024-12-11
juktan.rice.edu,2024-12-11
julian.rice.edu,2025-05-03
julians-air.rice.edu,2025-05-03
julie-air-2.rice.edu,2025-05-03
juliedinh.rice.edu,2026-09-13
jungle-forest.rice.edu,2025-05-03
jungle.cnx.rice.edu,2024-12-11
junhyeon-ui-s21.rice.edu,2025-05-03
juns-mbp.rice.edu,2025-05-03
jupyterhub.rice.edu,2026-09-02
jura.rice.edu,2025-05-03
justin-s-s22.rice.edu,2025-05-03
juve.cs.rice.edu,2025-05-03
k12.rice.edu,2026-10-01
k12science.rice.edu,2026-09-13
k2.cs.rice.edu,2025-05-03
k2.rice.edu,2025-05-03
k2i.rice.edu,2026-09-26
k2icentennialnugget.rice.edu,2026-09-13
k2icorporatepartners.rice.edu,2026-09-25
k2icsefellowships.rice.edu,2026-09-19
k2ifellowships.rice.edu,2026-09-13
kabiri.rice.edu,2025-05-24
kaden.rice.edu,2025-05-24
kai-s-s20-ultra.rice.edu,2025-05-03
kaizhu.rice.edu,2026-09-19
kali.cs.rice.edu,2025-05-03
kalium.rice.edu,2025-05-03
kalpit.rice.edu,2026-09-13
kaltura-gscs.rice.edu,2026-10-03
kaltura.rice.edu,2026-10-03
kalyke.cs.rice.edu,2024-12-11
kam.blogs.rice.edu,2024-12-11
kam18.blogs.rice.edu,2024-12-11
kamins.rice.edu,2025-05-03
karate.rice.edu,2024-12-11
karen-s-s22.rice.edu,2025-05-03
karenzas-air.rice.edu,2025-05-03
karlheinz.rice.edu,2025-05-03
karthiks-mbp-2.rice.edu,2025-05-03
kashif-s-s22-ultra.rice.edu,2025-05-03
katana.cnx.rice.edu,2024-12-11
katana.rice.edu,2025-05-03
katherinesair5.rice.edu,2025-05-03
kathleens-mbp.rice.edu,2025-05-03
katymckinin.rice.edu,2024-12-11
kaushik-s-pixel.rice.edu,2025-05-03
kawasaki.rice.edu,2025-05-03
kay-s-oppo-find-x3.rice.edu,2025-05-03
kb.rice.edu,2026-01-24
kb20.cs.rice.edu,2025-05-03
kc56.blogs.rice.edu,2024-12-11
kck-bs-h8fjlj2.rice.edu,2025-05-03
kck-ceve-119ew2.rice.edu,2025-05-03
kck00225f3xg885.rice.edu,2025-05-03
kck003094yjf3m3.rice.edu,2025-05-03
kck00309bymbhr3.rice.edu,2025-05-03
kck1088tg1r73.rice.edu,2025-05-03
kea.rice.edu,2025-05-03
kebo.ece.rice.edu,2025-05-03
keck23136hggs3.rice.edu,2025-05-03
keckmaterials.rice.edu,2024-12-11
keith-s-s22.rice.edu,2025-05-03
keith-s-tab-s7.rice.edu,2025-05-03
keith.rice.edu,2026-09-19
keitkek001098j75bz2.rice.edu,2025-05-03
kelty.rice.edu,2024-12-11
kenkennedy.rice.edu,2025-05-24
kenkennedyinstitute.rice.edu,2026-09-25
kennel.ruf.rice.edu,2024-12-11
kensinspiron.rice.edu,2025-05-03
kensys-air.rice.edu,2025-05-03
keremtoklu.rice.edu,2026-09-13
ketchup.rascals.rice.edu,2025-05-03
kevin.p.crotty.web.rice.edu,2024-12-11
kevinaboos.web.rice.edu,2024-12-11
kevincrotty.rice.edu,2026-09-13
kgm2.cs.rice.edu,2025-05-03
kgm22.cs.rice.edu,2025-05-03
kgmstwo.web.rice.edu,2024-12-11
kh30.web.rice.edu,2024-12-11
khasblog.rice.edu,2026-09-19
kiff.rice.edu,2025-05-03
kiit.rice.edu,2024-12-11
kilkenny.cs.rice.edu,2024-12-11
killian.rice.edu,2025-05-03
killian5150.rice.edu,2025-05-03
killiand820.rice.edu,2025-05-03
killianlt.rice.edu,2025-05-03
kimberley.rice.edu,2025-05-03
kimberly-s-s22-ultra.rice.edu,2025-05-03
kimberlyreichel.rice.edu,2026-09-13
kimmel.rice.edu,2026-09-23
kimura.cs.rice.edu,2025-05-03
kines.rice.edu,2026-10-01
kinesiology.rice.edu,2025-05-24
king-lic.rice.edu,2025-05-03
kingston.rice.edu,2024-12-11
kiosk-212.rice.edu,2025-05-03
kiran.blogs.rice.edu,2024-12-11
kiser.rice.edu,2026-09-13
kiyone.rice.edu,2025-05-03
kkristen.rice.edu,2025-05-03
kl38.web.rice.edu,2024-12-11
klapaucius.rice.edu,2025-05-03
klusta0.ece.rice.edu,2025-05-03
klusta10.ece.rice.edu,2025-05-03
klusta11.ece.rice.edu,2025-05-03
klusta12.ece.rice.edu,2025-05-03
klusta2.ece.rice.edu,2025-05-03
klusta3.ece.rice.edu,2025-05-03
klusta4.ece.rice.edu,2025-05-03
klusta5.ece.rice.edu,2024-12-11
klusta6.ece.rice.edu,2025-05-03
klusta7.ece.rice.edu,2025-05-03
klusta8.ece.rice.edu,2024-12-11
klusta9.ece.rice.edu,2025-05-03
km21.web.rice.edu,2024-12-11
kmcgowan.rice.edu,2024-12-11
knightly.blogs.rice.edu,2024-12-11
knightly.rice.edu,2026-09-19
knl.cs.rice.edu,2025-05-03
knl2.cs.rice.edu,2025-05-03
knowledgecafe.rice.edu,2025-05-24
koala.ece.rice.edu,2024-12-11
koala.rice.edu,2025-05-03
kodiak.rice.edu,2025-05-03
kolomeisky.rice.edu,2026-09-22
kondo.rice.edu,2024-12-11
kong.rice.edu,2026-09-23
kono.rice.edu,2026-09-13
koreanprogram.blogs.rice.edu,2024-12-11
korinnasurface-pro.rice.edu,2025-05-03
kortum.rice.edu,2025-05-24
kovidas-mbp.rice.edu,2025-05-03
kpalem.rice.edu,2026-09-18
kraken.ece.rice.edu,2025-05-03
kripal.rice.edu,2025-05-24
kristacomer.blogs.rice.edu,2024-12-11
kristen-s-a23.rice.edu,2025-05-03
kristen-s-s21-ultra.rice.edu,2025-05-03
kristins-mbp.rice.edu,2025-05-03
kristjan.rice.edu,2025-05-03
kristjan1.rice.edu,2025-05-03
kristjan2.rice.edu,2025-05-03
krobrien.rice.edu,2026-09-13
ksa.rice.edu,2026-09-13
kslagle.rice.edu,2026-09-13
kt.rice.edu,2025-05-03
kunzite.rice.edu,2025-05-03
kuofeng.blogs.rice.edu,2024-12-11
kwak.cs.rice.edu,2025-05-03
kyle-s-tab-s8.rice.edu,2025-05-03
kyoto.rice.edu,2025-05-03
l4p.rice.edu,2026-09-13
lachouffe.cs.rice.edu,2025-05-03
lacrosse.blogs.rice.edu,2024-12-11
lacrosse.rice.edu,2026-09-13
lacsi.rice.edu,2025-05-24
lago.ece.rice.edu,2025-05-03
lagos.rice.edu,2025-05-03
lagsa.rice.edu,2026-09-22
lake.cnx.rice.edu,2025-05-03
lalemany.rice.edu,2025-05-03
lalu.ece.rice.edu,2025-05-03
landau.rice.edu,2024-12-11
langflapply.rice.edu,2026-09-25
languagediversity.rice.edu,2026-09-18
languages.rice.edu,2025-05-24
lanp.blogs.rice.edu,2024-12-11
lanp.rice.edu,2026-10-03
lansir.rice.edu,2026-07-16
lapinsky1.rice.edu,2025-05-03
larry.rice.edu,2025-05-03
laser.cs.rice.edu,2025-05-03
laserjet4m.rice.edu,2025-05-03
lasersci.rice.edu,2026-09-13
latvia.cs.rice.edu,2025-05-03
laughlin.rice.edu,2024-12-11
launch.blogs.rice.edu,2024-12-11
launch.rice.edu,2026-10-01
laurens-air-3.rice.edu,2025-05-03
lazurite.rice.edu,2025-05-03
lazy.rice.edu,2026-09-10
lazy8.rice.edu,2025-05-03
lbuyse.web.rice.edu,2025-05-24
lcpc10.rice.edu,2026-07-16
le-gscs.rice.edu,2025-05-03
le-ls-fusion.ad.rice.edu,2026-07-11
le-ls-fusion.rice.edu,2026-07-11
le-ls-fusiondev.ad.rice.edu,2026-06-26
le-ls-fusiondev.rice.edu,2026-06-26
le-ls-hammer.ad.rice.edu,2026-06-22
le-ls-hammer.rice.edu,2026-09-25
le-ls-osborn.ad.rice.edu,2025-10-09
le-ls-osborn.rice.edu,2025-10-09
le-ls-stark.ad.rice.edu,2026-05-06
le-ls-stark.rice.edu,2026-05-06
le-prod-v2.rice.edu,2026-07-10
le-prod.rice.edu,2026-03-11
leadershiphuddle.rice.edu,2026-09-23
leadrice.rice.edu,2025-05-03
leap.blogs.rice.edu,2024-12-11
leap.rice.edu,2025-05-24
leda.cs.rice.edu,2025-05-03
leeds.rice.edu,2026-10-02
leek.rice.edu,2025-05-03
leela.rice.edu,2025-05-03
leena.rice.edu,2025-05-03
lefeldt.rice.edu,2026-09-23
leffe.cs.rice.edu,2025-05-03
legacy.camt.dev.rice.edu,2026-09-20
legalese.rice.edu,2026-09-13
leitrim.cs.rice.edu,2025-05-03
lenardic.rice.edu,2025-05-03
lenovo.rice.edu,2025-05-03
lens.rice.edu,2025-05-03
leo.rice.edu,2026-09-11
leo2.rice.edu,2025-05-03
leonard.rice.edu,2025-05-03
leonardo.rice.edu,2025-05-03
leppo.rice.edu,2025-05-03
les.cs.rice.edu,2025-05-03
lesotho.blogs.rice.edu,2024-12-11
letaotekimbp.rice.edu,2025-05-03
leucine.rice.edu,2025-05-03
leviathan.cs.rice.edu,2025-05-03
levy.stat.rice.edu,2025-05-03
lewickalt.rice.edu,2025-05-03
lexington.rice.edu,2025-05-03
lf-b0c12b3d982e.rice.edu,2025-05-03
lgwebosid.rice.edu,2025-05-03
lgwebostv.rice.edu,2025-05-03
lib-mud-gw.rice.edu,2025-05-03
libadm.rice.edu,2025-05-03
libai.rice.edu,2024-12-11
libanswers.rice.edu,2026-09-06
libguides.rice.edu,2026-10-03
library.rice.edu,2026-09-01
libstaff.blogs.rice.edu,2024-12-11
license1.rice.edu,2025-05-03
lido.rice.edu,2025-05-03
lightdrivenbioinspired.blogs.rice.edu,2024-12-11
lil.rice.edu,2025-05-03
lillehoj.rice.edu,2026-09-22
lily-s-tab-s7.rice.edu,2025-05-03
lily_zenbook.rice.edu,2025-05-03
lima.lom.rice.edu,2025-05-03
limitedsubs.rice.edu,2026-09-30
lin.rice.edu,2024-12-11
linda.blogs.rice.edu,2024-12-11
linda.rice.edu,2026-09-18
lindemans.cs.rice.edu,2025-05-03
ling.rice.edu,2024-12-11
linguisticdiversity.blogs.rice.edu,2024-12-11
linguistics.rice.edu,2025-05-24
lingzhang.rice.edu,2026-09-23
link-shortener.development.platform.rice.edu,2026-09-24
link-shortener.production.platform.rice.edu,2026-09-24
link.aip.org.ezproxy.rice.edu,2024-12-11
linkresolver.library.rice.edu,2026-08-28
links.rice.edu,2026-10-02
listserv.rice.edu,2026-02-13
literacy.rice.edu,2026-09-09
literaryhouston.rice.edu,2026-09-22
litho6500.rice.edu,2025-05-03
lithuania.cs.rice.edu,2025-05-03
littlum.rice.edu,2026-09-19
liu.rice.edu,2025-05-03
lizbhet.rice.edu,2025-05-03
lizfig.rice.edu,2026-09-23
ljass.rice.edu,2026-09-19
llnl.cs.rice.edu,2025-05-03
lloydsday.rice.edu,2026-09-19
lmafit.blogs.rice.edu,2026-07-16
lmsplugin.library.rice.edu,2026-08-06
location.rice.edu,2024-12-11
lockss-v4.rice.edu,2025-05-03
lockss.rice.edu,2025-05-03
lockss1.rice.edu,2025-05-03
lodo.rice.edu,2024-12-11
loggerhead.rice.edu,2025-05-03
login.ezproxy.rice.edu,2025-05-24
logparc.rice.edu,2024-12-11
logs-n1.rice.edu,2026-02-16
logs-n2.rice.edu,2026-02-16
logs-n3.rice.edu,2026-02-16
logs-n4.rice.edu,2026-02-16
logs-pp.rice.edu,2026-02-16
logs-pub.crc.rice.edu,2025-05-03
logs-tes2.rice.edu,2025-05-03
logs.rice.edu,2026-02-16
loki.rice.edu,2025-05-03
lom.crc.rice.edu,2026-01-06
lom.rice.edu,2026-02-03
lombardi.cnx.rice.edu,2025-05-03
longford.cs.rice.edu,2025-05-03
longsword.rice.edu,2025-05-03
look.cs.rice.edu,2025-06-07
lookbelowtheskin.rice.edu,2026-10-01
lorelei-s-s21.rice.edu,2025-05-03
lorenz-pc.rice.edu,2025-05-03
losangeles.rice.edu,2025-05-03
loumasaplewatch.rice.edu,2025-05-03
lovelace.cs.rice.edu,2025-05-03
lowande.rice.edu,2026-09-29
lowry.rice.edu,2025-05-03
lrg.rice.edu,2025-05-24
lrme2015.blogs.rice.edu,2024-12-11
ls.rice.edu,2025-05-03
lsap.blogs.rice.edu,2024-12-11
lsap.rice.edu,2026-09-23
lsc4200.rice.edu,2025-05-03
lscusr-gw.rice.edu,2025-05-03
lsd1.rice.edu,2025-05-03
lsr-gw.rice.edu,2024-12-11
ltao.ceve.rice.edu,2025-05-03
lucaskinard.rice.edu,2026-09-23
lucia.rice.edu,2025-05-03
lucidum.rice.edu,2025-05-03
lucidwillet.rice.edu,2025-05-03
luke-s-a53.rice.edu,2025-05-03
lupo.rice.edu,2025-05-03
luttinger.rice.edu,2025-05-03
luuk-s-a52s.rice.edu,2025-05-03
lv1pc.rice.edu,2025-05-03
lvc-master-gw.rice.edu,2025-05-03
lvov.rice.edu,2024-12-11
lvp.rice.edu,2025-05-03
lvra-gw.rice.edu,2024-12-11
lwandle.rice.edu,2025-05-03
lycaon.rice.edu,2024-12-11
lysander.rice.edu,2025-05-03
lysine.rice.edu,2025-05-03
lysithea.cs.rice.edu,2025-05-03
m.library.rice.edu,2026-08-10
m2004j19c-redmi9.rice.edu,2025-05-03
m2007j3sc-redmik30su.rice.edu,2025-05-03
m2101k6p.rice.edu,2025-05-03
m2102k1c.rice.edu,2025-05-03
maartendehoop.rice.edu,2026-09-19
macbook-air-108.rice.edu,2025-05-03
macbook-pro-187.rice.edu,2025-05-03
macbook-pro-188.rice.edu,2025-05-03
macbook-pro-19.rice.edu,2025-05-03
macbook-pro-227.rice.edu,2025-05-03
macbook-pro-282.rice.edu,2025-05-03
macbook-pro-324.rice.edu,2025-05-03
macbook-pro-37.rice.edu,2025-05-03
macbook-pro-386.rice.edu,2025-05-03
macc.rice.edu,2024-12-11
macfrank.rice.edu,2026-01-06
machiavelli.rice.edu,2025-05-03
machinelearning.rice.edu,2026-09-19
mackjoyner.rice.edu,2026-09-18
mactotum.rice.edu,2025-05-03
madison-s-s21-ultra.rice.edu,2025-05-03
madrid.rice.edu,2025-05-03
magazine.rice.edu,2025-05-24
maghis.oxfordjournals.org.ezproxy.rice.edu,2024-12-11
magnolia.rice.edu,2025-05-03
mail-logs.rice.edu,2026-06-27
mail-proxy-new.rice.edu,2025-05-03
mailman.cnx.rice.edu,2024-12-11
mailman.rice.edu,2026-09-30
mailman1.rice.edu,2026-02-13
mailman2.rice.edu,2026-02-13
mailroom.rice.edu,2026-10-02
makalu.blogs.rice.edu,2024-12-11
makua.rice.edu,2025-05-03
malawi.blogs.rice.edu,2024-12-11
maltese.rice.edu,2024-12-11
malus.rice.edu,2025-05-03
mamageno.rice.edu,2025-05-03
mamh-gw.rice.edu,2024-12-11
mammoth.rice.edu,2024-12-11
mamouras.web.rice.edu,2025-05-24
mana.rice.edu,2026-09-30
mantaray.rice.edu,2024-12-11
mantle.rice.edu,2025-05-03
map.rice.edu,2026-10-01
maple-v272.rice.edu,2024-12-11
maple-v401.rice.edu,2025-05-03
maple-v403.rice.edu,2025-05-03
maple-v405.rice.edu,2025-05-03
maple-v433.rice.edu,2025-05-03
maple-v437.rice.edu,2025-05-03
maple-v961-a.rice.edu,2025-05-03
maple-v961-b.rice.edu,2025-05-03
maps.rice.edu,2026-10-01
marciaomalley.rice.edu,2026-09-13
marcus-s-s21.rice.edu,2025-05-03
marcy.rice.edu,2024-12-11
maredsous.cs.rice.edu,2024-12-11
margrave.rice.edu,2025-05-03
maria-astrid-s-tab-s6-lite.rice.edu,2025-05-03
maria-s-a14.rice.edu,2025-05-03
mariachilunallena.rice.edu,2026-09-28
marina.stat.rice.edu,2025-05-03
marina2.stat.rice.edu,2025-05-03
mark-bookpro.rice.edu,2025-05-03
markov.cs.rice.edu,2025-05-03
marley.rice.edu,2025-05-03
marmoset-submit.cs.rice.edu,2025-05-03
marquez.cs.rice.edu,2025-05-03
mars0.ece.rice.edu,2025-05-03
marschall.rice.edu,2026-09-23
media.rice.edu,2026-10-01
mediacosmos.rice.edu,2024-12-11
mediahub.rice.edu,2024-12-11
medieval.rice.edu,2025-05-24
memory.rice.edu,2026-09-10
misadventuresinnj.rice.edu,2026-09-23
moe.rice.edu,2025-05-03
nano.rice.edu,2026-09-29
nibbler.rice.edu,2025-05-03
nothando.rice.edu,2025-05-03
nytimes.com.ezproxy.rice.edu,2024-12-11
obiwan.cnx.rice.edu,2024-12-11
onion.rice.edu,2025-05-03
openaccess.blogs.rice.edu,2024-12-11
openaccess.rice.edu,2026-10-03
openrice.rice.edu,2025-05-24
owltogether.rice.edu,2026-09-28
owlympics.rice.edu,2024-12-11
papercut.rice.edu,2026-03-12
paprika.rice.edu,2025-05-03
parsley.rice.edu,2025-05-03
pi.rice.edu,2026-09-23
pinocchio.blogs.rice.edu,2024-12-11
pioneer.rice.edu,2025-05-03
piper.rice.edu,2024-12-11
plateboundary.rice.edu,2024-12-11
plottermac.rice.edu,2025-05-03
plottermac2.rice.edu,2025-05-03
printadmin.ad.rice.edu,2026-03-12
printadmin.rice.edu,2026-03-12
printing.ad.rice.edu,2026-06-12
printing.rice.edu,2026-06-12
prism-ai.rice.edu,2025-12-18
pyline.rice.edu,2026-09-19
pyramidale.rice.edu,2025-05-03
pyrite.clear7.rice.edu,2024-12-11
pyrite.clear9.rice.edu,2026-07-17
python.rice.edu,2025-05-03
raspberrypi.rice.edu,2025-05-03
redcross.rice.edu,2026-09-23
rems.blogs.rice.edu,2024-12-11
rev.rice.edu,2024-12-11
revelation.rice.edu,2025-05-0
roses.rice.edu,2026-09-22
rsvp.rice.edu,2025-04-23
senate.rice.edu,2025-05-24
shadow.rice.edu,2024-12-11
shivers.rice.edu,2026-09-24
shop.rice.edu,2026-09-30
shout.rice.edu,2025-05-03
shredder.rice.edu,2024-12-11
side.rice.edu,2026-09-19
signals.rice.edu,2026-09-22
studentlife.rice.edu,2026-07-16
sysrack.cs.rice.edu,2025-05-03
whentodayisover.rice.edu,2026-10-02
where.is.rice.edu,2025-05-03
whooru.rice.edu,2026-09-06
whysofew.rice.edu,2026-10-02
wiess-335-mac.rice.edu,2025-05-03
wiess.rice.edu,2026-10-02
wiessassociates.blogs.rice.edu,2024-12-11
wiessassociates.rice.edu,2026-10-02
wiesscooks.rice.edu,2026-09-19
wiessmentors.rice.edu,2026-10-02
wiki.rice.edu,2025-05-24
wiki.wcaleb.rice.edu,2025-05-24
william-s-s10.rice.edu,2025-05-03
william.rice.edu,2025-05-03
willie.rice.edu,2025-05-03
wombat.rice.edu,2025-05-03
wow.rice.edu,2026-09-30
www-chronicle-com.ezproxy.rice.edu,2024-12-11
www.bootcamp.rice.edu,2026-10-02
www.brainstem.rice.edu,2026-09-08
www.forum.blogs.rice.edu,2024-12-11
www.forum.rice.edu,2026-09-08
www.hydrology.rice.edu,2026-09-09
www.k12.rice.edu,2026-09-28
zoidberg.rice.edu,2025-05-03
zoo.rice.edu,2024-12-11
zoomroom.rice.edu,2025-05-03
