web_path	thumb_path	source_path	width	height	sha256	caption	credit	date	topic
docs/assets/photos/nod/1983.jpg	docs/assets/photos/nod/thumbs/1983.jpg	nod/1983.jpg	468	301	fbf73d8a871706720db5ca35c779b96d7d50351def10abcd9deed12aac375863	Dancing at NOD, c.1983 (date from the file name).	TFWKB photo collection; source not recorded	c.1983	Night of Decadence (traditions/night-of-decadence.md)
docs/assets/photos/nod/1985-1.jpg	docs/assets/photos/nod/thumbs/1985-1.jpg	nod/1985-1.jpg	468	407	2a54ee490e6f27356dec344200074992db1427dd92fbd4171eb4d2a81cb2ac71				
docs/assets/photos/nod/1985-2.jpg	docs/assets/photos/nod/thumbs/1985-2.jpg	nod/1985-2.jpg	468	374	4e1cf22c6bac7d75634c01eea9a98271981963c4111459dc61e252628f82e970				
docs/assets/photos/nod/1985-3.jpg	docs/assets/photos/nod/thumbs/1985-3.jpg	nod/1985-3.jpg	468	284	19bac58dce6eef03ae45c5a2f1d990977bf3fb33d6cf08e48cd93a21b171ca74	NOD 'Animal Farm', 26 October 1984: paper pigs and animals hung over the crowd, the 12-foot pig at top left.	The Campanile 1985, p.283 — @campanile-1985	1984-10-26	Night of Decadence (traditions/night-of-decadence.md)
docs/assets/photos/nod/1995.jpg	docs/assets/photos/nod/thumbs/1995.jpg	nod/1995.jpg	468	837	5ba04c0c574a7fa961e84483b81051d8d152eea1c3d3f024e649d6c0c6b17e98				
docs/assets/photos/nod/1998-lg.jpg	docs/assets/photos/nod/thumbs/1998-lg.jpg	nod/1998-lg.jpg	468	337	d33015c5a8f90fe5a86d67b3daffa64966b1e17496659791d27f6de1af66600b	Three costumes at NOD 1998, 'Silver Anniversary: NOD's Greatest Hits' (date from the file name).	TFWKB photo collection; source not recorded	1998	Night of Decadence (traditions/night-of-decadence.md)
docs/assets/photos/nod/1998-lg2.jpg	docs/assets/photos/nod/thumbs/1998-lg2.jpg	nod/1998-lg2.jpg	468	536	17f46392cee7af71b13d25be2e73e2826f13a45c02db65ea824078dbb6b4031e				
docs/assets/photos/nod/2004-lg.jpg	docs/assets/photos/nod/thumbs/2004-lg.jpg	nod/2004-lg.jpg	468	321	6c175a86d90c41f0695e817a841cbc8ccaf2a2d0ce077a537cadb3e72bec91b5				
docs/assets/photos/nod/2004.jpg	docs/assets/photos/nod/thumbs/2004.jpg	nod/2004.jpg	240	165	d0ee948162d246a0188f12dfa492b409d388577af5c9904f132d9ac2f8eba856				
docs/assets/photos/nod/themes-graphic.jpg	docs/assets/photos/nod/thumbs/themes-graphic.jpg	nod/themes graphic.jpg	240	1035	b073aba12d8519e60652d9ed8404c945232ddc8399814c4d8fce2a88935ed94d	'Themes through the decades', 1973–75 to 2011: a graphic of unknown origin, transcribed in the table above.	Image of unknown origin, in the TFWKB NOD images	c.2011–12	Night of Decadence (traditions/night-of-decadence.md)
docs/assets/photos/nod/undated.jpg	docs/assets/photos/nod/thumbs/undated.jpg	nod/undated.jpg	468	211	415b51fef85d911b481cae6d56bf07e1c87c34c39bcea262aa4ef02d8b247981				
docs/assets/photos/graphics/wiess60-banner.jpg	docs/assets/photos/graphics/thumbs/wiess60-banner.jpg	graphics/Wiess60-banner.png	412	231	bec67a85a9afc8eb28ca926e4a173ac26b61fd7d8d156e7b54b54392601dd1c4	The 60th-anniversary banner.	teamwiess.com/60, 2017 — @wb 20170602224639 http://teamwiess.com/60/Wiess60-banner.png	2017	Crest and colors (traditions/symbols.md)
docs/assets/photos/graphics/wiess60-crest.jpg	docs/assets/photos/graphics/thumbs/wiess60-crest.jpg	graphics/Wiess60-crest.png	1252	1600	359de8a9e5781f9ec2b98abfb2030be161591417d2a2b2c30dcdc0f6aa325e62	The 60th-anniversary crest, 'Wiess College 60th Anniversary 1957–2017'.	teamwiess.com/60, 2017 — @wb 20170602224644 http://teamwiess.com/60/Wiess60-crest-with-date-small.png	2017	Crest and colors (traditions/symbols.md)
docs/assets/photos/graphics/wiess-shark-tank-2.jpg	docs/assets/photos/graphics/thumbs/wiess-shark-tank-2.jpg	graphics/Wiess_Shark_Tank_2.png	1600	1000	6c44a2e7605b7b8ffe13663f5fdd886f6c09016e7fbdcabdb96236dee66970ae				
docs/assets/photos/graphics/crestbw.jpg	docs/assets/photos/graphics/thumbs/crestbw.jpg	graphics/crestbw.gif	1500	1500	5a551c65c56f180e42e6a22646d0bc2e0ae2a1059746a445ec48313d1c63dd44	The crest in black and white.	teamwiess.com, 2015 — @wb 20150612230209 http://teamwiess.com/assets/crestbw.gif	by 2015	Crest and colors (traditions/symbols.md)
docs/assets/photos/graphics/tfwpattern.jpg	docs/assets/photos/graphics/thumbs/tfwpattern.jpg	graphics/tfwpattern.png	100	100	b459fb2db89bb2417f532406320bd71b02d3e5725c1182f599e53d05c6f20db2				
docs/assets/photos/graphics/wiessshield-ai.jpg	docs/assets/photos/graphics/thumbs/wiessshield-ai.jpg	graphics/wiessshield.ai.png	668	668	9251e920cd32254753d4191a504e68fb922ca63ffe9ca853371d2243a3cc59ce				
docs/assets/photos/graphics/wiessshield1.jpg	docs/assets/photos/graphics/thumbs/wiessshield1.jpg	graphics/wiessshield1.png	1216	1433	9ebd102519c4ddae3da28f71c8cc9f28dcdaad3a11ce845e891e071b512f7879	The Wiess arms in color: a griffin counterchanged on a shield divided black over gold, a helmet with mantling, an owl on top.	teamwiess.com, 2014 — @wb 20140627224637 http://teamwiess.com/images/wiessshield1wtrans-u213-fr.png	by 2014	Crest and colors (traditions/symbols.md)
docs/assets/photos/photos/00.jpg	docs/assets/photos/photos/thumbs/00.jpg	photos/00.jpg	640	425	356f084910905cf3ab80cf5edc09623145187bf54c58121ba06de246abedca81				
docs/assets/photos/photos/03.jpg	docs/assets/photos/photos/thumbs/03.jpg	photos/03.jpg	640	425	70022298cd88d2fb9cd8282c7747bca80c1944c89000b03afabc9b726ce8842b				
docs/assets/photos/photos/04.jpg	docs/assets/photos/photos/thumbs/04.jpg	photos/04.jpg	640	425	ed6be8d2724cbe8be0211b111ff8bc8a28d6519467454639800f31d0b20eabd0				
docs/assets/photos/photos/05.jpg	docs/assets/photos/photos/thumbs/05.jpg	photos/05.jpg	640	425	121a4a77495a8b17e1a4cd858524eadebcbbae92c9e91f3d693f2122086b6664				
docs/assets/photos/photos/06.jpg	docs/assets/photos/photos/thumbs/06.jpg	photos/06.jpg	640	425	b6d8836f88f55fdb49904ebb9cd0063b5409b089334b2fe5d3b1345e7c4d2789				
docs/assets/photos/photos/08.jpg	docs/assets/photos/photos/thumbs/08.jpg	photos/08.jpg	640	425	b40a05a8c5888c5f783e462d12a272d2ff4df4f35e0ff4f40ba41107b4008961				
docs/assets/photos/photos/10-copy.jpg	docs/assets/photos/photos/thumbs/10-copy.jpg	photos/10 copy.jpg	425	640	00c7a4aef813396039f2fffc7488157e20e6e64aabd31b1616b4649dec2788c7	The orange commercial pig, TEAM WIESS, tethered in the New Wiess Acabowl over the Acatramp; the ivy screens of New Wiess behind.	TFWKB photo collection; source not recorded — @warpig-core-deck slide 32	2002–04	War Pig (traditions/warpig.md)
docs/assets/photos/photos/10.jpg	docs/assets/photos/photos/thumbs/10.jpg	photos/10.jpg	960	640	0548c12f550329ef22121c76c2ded28378243b2429e26859c9d6ec14de96abbd				
docs/assets/photos/photos/11-copy.jpg	docs/assets/photos/photos/thumbs/11-copy.jpg	photos/11 copy.jpg	640	425	74317b3e044ae832536a4438acfb328e46dc756c84db6343325a6f9431efb2a2				
docs/assets/photos/photos/11-3.jpg	docs/assets/photos/photos/thumbs/11-3.jpg	photos/11(3).jpg	1600	1066	58347ded0ed9e1ea3b3a944b33bcf79a28fadf47cb8b4d5536c20803298f8cb2				
docs/assets/photos/photos/12-2.jpg	docs/assets/photos/photos/thumbs/12-2.jpg	photos/12(2).jpg	960	640	2e585bfc3f0d66841de5ba77f4c48e229bb8b2cb57cc7e567c928c45f9937b7e				
docs/assets/photos/photos/12.jpg	docs/assets/photos/photos/thumbs/12.jpg	photos/12.jpg	640	425	c02f426a5b1511cad5887b6706526cdfe38c5d9e05e4e49cdb9ddf316811a18f				
docs/assets/photos/photos/13-copy.jpg	docs/assets/photos/photos/thumbs/13-copy.jpg	photos/13 copy.jpg	425	640	21e27248bbd822308f99f5ace616d2f5e3377a4b68661997bab58f42467c63cc				
docs/assets/photos/photos/14-2.jpg	docs/assets/photos/photos/thumbs/14-2.jpg	photos/14(2).jpg	960	720	ad78e2286031daf3aa1cbf898fa24ff4231e65efd0449cccdc385d683ebc6529				
docs/assets/photos/photos/14.jpg	docs/assets/photos/photos/thumbs/14.jpg	photos/14.jpg	425	640	f1cb09b4d27d5730e2f2d42610dc1aa4131e89afde8b7d85d22a1480e0aba088				
docs/assets/photos/photos/15-copy.jpg	docs/assets/photos/photos/thumbs/15-copy.jpg	photos/15 copy.jpg	425	640	1df47b739949d42396601c7122f6daf0823fd407ff05086849cc19af84b9c853				
docs/assets/photos/photos/16.jpg	docs/assets/photos/photos/thumbs/16.jpg	photos/16.jpg	640	425	9c2c2140f3da5c574b93aeef1936c006a8b927e6c5a458f04900242f88ed57d0				
docs/assets/photos/photos/1617969-303758889777308-5666786166752047706-o532x353-4.jpg	docs/assets/photos/photos/thumbs/1617969-303758889777308-5666786166752047706-o532x353-4.jpg	photos/1617969_303758889777308_5666786166752047706_o532x353(4).jpg	531	353	584682d37e28924e3a9a870c6e6a266abe7d22459fd54d3d870e485f943f8a6f				
docs/assets/photos/photos/1654685-297306460422551-763717445-o-u4500-3.jpg	docs/assets/photos/photos/thumbs/1654685-297306460422551-763717445-o-u4500-3.jpg	photos/1654685_297306460422551_763717445_o-u4500(3).png	532	356	9ed1aade452476338b90964885e78a9d74b3654a1608edd840a38d86e7d43ffb				
docs/assets/photos/photos/18-copy.jpg	docs/assets/photos/photos/thumbs/18-copy.jpg	photos/18 copy.jpg	640	425	759b0706c41e98f795f694f46b4008eddfc736279fbfc1c58c29dfc2ccd6267d				
docs/assets/photos/photos/18-2.jpg	docs/assets/photos/photos/thumbs/18-2.jpg	photos/18(2).jpg	960	637	5efa62c62dc65af034b60596450991bc279014466946ebec7a3033256c0f6e6e				
docs/assets/photos/photos/19.jpg	docs/assets/photos/photos/thumbs/19.jpg	photos/19.jpg	425	640	76e7b9d61d5046a18803f16326e2d9260eceb9b8d6c7d21943be7e72a6da852c				
docs/assets/photos/photos/20-2.jpg	docs/assets/photos/photos/thumbs/20-2.jpg	photos/20(2).jpg	960	640	278e3d62999bb5fa298b34db0e2f82582cc86d49e310cb340c60373a58911bd3				
docs/assets/photos/photos/20.jpg	docs/assets/photos/photos/thumbs/20.jpg	photos/20.jpg	640	425	881c9b00adc56d731e799db3c879b67fcda30c610f9a059e99af08a093ca1ebc				
docs/assets/photos/photos/21-copy.jpg	docs/assets/photos/photos/thumbs/21-copy.jpg	photos/21 copy.jpg	640	425	d1abc16b1dea4227fbba9f7be6205e64487a43a0f429a6c4e0be413d7de239a6				
docs/assets/photos/photos/21.jpg	docs/assets/photos/photos/thumbs/21.jpg	photos/21.jpg	960	637	6e46ad2d909c5932d344a18b8cad97989ac9223e5112e6fccd1fb8d8dcfb1ae8				
docs/assets/photos/photos/22-2.jpg	docs/assets/photos/photos/thumbs/22-2.jpg	photos/22(2).jpg	960	640	42fbaa6fbd8cf2006220db286b99392646a057b6b1a9c0624604c388524d213a				
docs/assets/photos/photos/23-2.jpg	docs/assets/photos/photos/thumbs/23-2.jpg	photos/23(2).jpg	960	637	31f69ddf198d710e0f4669088f47bcb91b25c5d6cd524ccaea8338ebe6a480e6				
docs/assets/photos/photos/23.jpg	docs/assets/photos/photos/thumbs/23.jpg	photos/23.jpg	640	425	dfe4c7e009c962971ad964463c4dc8f65f2c28e45d108cfc6df56efe1713906a				
docs/assets/photos/photos/3-copy.jpg	docs/assets/photos/photos/thumbs/3-copy.jpg	photos/3 copy.jpg	960	637	a7dda37e92e4e90557d0ae506b490cad8a0b94ea7f0a316c30a83da56274226d				
docs/assets/photos/photos/5.jpg	docs/assets/photos/photos/thumbs/5.jpg	photos/5.jpg	960	640	7e402dee61a1e8108115fe15a705653e9ab65165a6d1e04ecfb676d4b687491c				
docs/assets/photos/photos/505-0597.jpg	docs/assets/photos/photos/thumbs/505-0597.jpg	photos/505_0597.jpg	640	425	5cd050df42856100f23f27b5fabb883d56e1a6691b82a0a3f9c341d038f51794				
docs/assets/photos/photos/506-0605.jpg	docs/assets/photos/photos/thumbs/506-0605.jpg	photos/506_0605.jpg	640	425	28e0a306826658e213345328614f1eff37955e57c9cabcbbcf757a2d22c632a3				
docs/assets/photos/photos/506-0609.jpg	docs/assets/photos/photos/thumbs/506-0609.jpg	photos/506_0609.jpg	640	425	9be3b0808c62262352fcb9713a27b0ab5ae1ab47a53f09fcd9888f925e3c5f25				
docs/assets/photos/photos/506-0617.jpg	docs/assets/photos/photos/thumbs/506-0617.jpg	photos/506_0617.jpg	425	640	ae446e8699b259e1967c29ec01b89308d817a8196c4621b84ed7c6f5cb348167				
docs/assets/photos/photos/506-0618.jpg	docs/assets/photos/photos/thumbs/506-0618.jpg	photos/506_0618.jpg	425	640	febde9ea657d330e921f9e4ddd0ee30beb110e18530c9b4052abae97cb9f2593				
docs/assets/photos/photos/506-0634.jpg	docs/assets/photos/photos/thumbs/506-0634.jpg	photos/506_0634.jpg	640	425	b664db7e9403d62bbb4b45a61f5fc440e47960f987e35d7e4e08bd3c07082f9c				
docs/assets/photos/photos/506-0656.jpg	docs/assets/photos/photos/thumbs/506-0656.jpg	photos/506_0656.jpg	425	640	37ba3f3881c3baa8c9659f0b455de98637a3f9601ba24b69eab33a4ceccbe35e				
docs/assets/photos/photos/507-0741.jpg	docs/assets/photos/photos/thumbs/507-0741.jpg	photos/507_0741.jpg	640	425	258436dbb335c06fac766d1656e1d8e68be38cfe76cd3bd01cbf9341a5c893a5				
docs/assets/photos/photos/6-1.jpg	docs/assets/photos/photos/thumbs/6-1.jpg	photos/6(1).jpg	1600	1066	953ce86e494452113a1c40c0e5c36f0525dde57d05b1e94a256ce8c5e524659a				
docs/assets/photos/photos/7.jpg	docs/assets/photos/photos/thumbs/7.jpg	photos/7.jpg	960	637	f6107a7dd9b131ae8bcb3fe6631024a24648a96b1039215b89b7a3a98aa4e1d7				
docs/assets/photos/photos/8.jpg	docs/assets/photos/photos/thumbs/8.jpg	photos/8.jpg	960	639	9451948307e6cc37afc83e9f45ba5a81281635c9c3bd1a1ad28391cf43c4b707				
docs/assets/photos/photos/9-1.jpg	docs/assets/photos/photos/thumbs/9-1.jpg	photos/9(1).jpg	1600	1066	b0b5046a1901107d1de1db8981dad56d20a7895c9040dbf49a16de032b639c25				
docs/assets/photos/photos/imgp6098.jpg	docs/assets/photos/photos/thumbs/imgp6098.jpg	photos/IMGP6098.jpg	640	494	bb02cfd99fb5d8cde24915ce1e2aa15d54b0939896b10b2c19f709df04603378				
docs/assets/photos/photos/imgp6099.jpg	docs/assets/photos/photos/thumbs/imgp6099.jpg	photos/IMGP6099.jpg	640	640	3fcc7a88e6815b612abaa25af120d0488dada658a6b2f61922dfc12cc189f46d				
docs/assets/photos/photos/imgp6132.jpg	docs/assets/photos/photos/thumbs/imgp6132.jpg	photos/IMGP6132.jpg	640	427	b87dbae1e9f32930d90d714f4fabbc3cb363454cfcbf9e461da4d8459d5b0ee2				
docs/assets/photos/photos/imgp6134.jpg	docs/assets/photos/photos/thumbs/imgp6134.jpg	photos/IMGP6134.jpg	438	640	2888e946542e64071649249d206a69f9499cf6cb20c86f825c6950774f3c0356				
docs/assets/photos/photos/imgp6135.jpg	docs/assets/photos/photos/thumbs/imgp6135.jpg	photos/IMGP6135.jpg	640	427	ec1173dc702c2aed5d13bb8dbc621db5e5f1b6d93a4c3d382e3d5e17fedeb6f5				
docs/assets/photos/photos/imgp6184.jpg	docs/assets/photos/photos/thumbs/imgp6184.jpg	photos/IMGP6184.jpg	364	640	b1b1eaefe7c498938ad2c8397b1106cb5a5e08ee677c60a59a460deae1ee49cf				
docs/assets/photos/photos/imgp6190.jpg	docs/assets/photos/photos/thumbs/imgp6190.jpg	photos/IMGP6190.jpg	427	640	2b738ef6e36668f3dc2973b73ef7040184823c3d2e1d1b97564ce2af527322b9				
docs/assets/photos/photos/imgp6201.jpg	docs/assets/photos/photos/thumbs/imgp6201.jpg	photos/IMGP6201.jpg	640	443	bea891de84719b16067a0f77fcc53ff66db3c4e9eefc8544c063b25e3eb30f7d				
docs/assets/photos/photos/imgp6221.jpg	docs/assets/photos/photos/thumbs/imgp6221.jpg	photos/IMGP6221.jpg	640	427	b7e29cf078acc47ba01617e9f7d66fcf5ddee3e688df29bc412f3eb41f3059b1				
docs/assets/photos/photos/imgp6223.jpg	docs/assets/photos/photos/thumbs/imgp6223.jpg	photos/IMGP6223.jpg	640	427	310808b6ecc2b3d79dc28ee752f7051a2d8473ba507fad2c59c272dd9a8f47a6				
docs/assets/photos/photos/imgp6225.jpg	docs/assets/photos/photos/thumbs/imgp6225.jpg	photos/IMGP6225.jpg	640	484	f44245355d80c2d37f5a95a29b148dc8b670522e9b888e84e47c8bfcfcdee2c3				
docs/assets/photos/photos/imgp6282.jpg	docs/assets/photos/photos/thumbs/imgp6282.jpg	photos/IMGP6282.jpg	640	427	1e7681640d11d3f7467d860cc76cc7fe0a40d400d77dcae9b4f9c731dad3ae08				
docs/assets/photos/photos/imgp6295.jpg	docs/assets/photos/photos/thumbs/imgp6295.jpg	photos/IMGP6295.jpg	640	640	0a790c7d91f0c063cc7c821f5c254c994ed573ff0aa2f82f8a4fb3c30b1def5c				
docs/assets/photos/photos/imgp6298.jpg	docs/assets/photos/photos/thumbs/imgp6298.jpg	photos/IMGP6298.jpg	640	427	aaa0a3accda72414c060279c6268d4c2678a8cb5ed1e456d5de8ab6b70dfd9cb				
docs/assets/photos/photos/imgp6430.jpg	docs/assets/photos/photos/thumbs/imgp6430.jpg	photos/IMGP6430.jpg	427	640	741cde7df849984a327dea91a4175ccd1ccf9008f38aaf2f3b87751c00fbae8e				
docs/assets/photos/photos/imgp6438.jpg	docs/assets/photos/photos/thumbs/imgp6438.jpg	photos/IMGP6438.jpg	640	427	dc263c905c41a4c17051f0b682123538e8a9eb09a83c433475b3e717e406cdb3				
docs/assets/photos/photos/imgp6441.jpg	docs/assets/photos/photos/thumbs/imgp6441.jpg	photos/IMGP6441.jpg	640	427	b2dc06ddeae674f8363c9ddb1e06fdeb95a19695a0a938f7beb0a33a495a3acf				
docs/assets/photos/photos/imgp6446.jpg	docs/assets/photos/photos/thumbs/imgp6446.jpg	photos/IMGP6446.jpg	640	640	a519cb8748ccb2c2d76f99bb6888312a502a648914eedc0736d4fad250b8e00c				
docs/assets/photos/photos/imgp6450.jpg	docs/assets/photos/photos/thumbs/imgp6450.jpg	photos/IMGP6450.jpg	640	640	7891e9f5aafbb4e01cf641febebe2dc3c8bef5901b39d7866e14c474fdb662cb				
docs/assets/photos/photos/imgp6630.jpg	docs/assets/photos/photos/thumbs/imgp6630.jpg	photos/IMGP6630.jpg	529	640	8f5c53ae21c2ed22ad65bed7f9e22e0b7e5b37ece2c1d71d319987cb925424d9				
docs/assets/photos/photos/img-1594.jpg	docs/assets/photos/photos/thumbs/img-1594.jpg	photos/IMG_1594.jpg	640	480	24cb6cde743fe9c016967ff254e3c5b3bd9c1368ce68ad2c9605ac05045803ed				
docs/assets/photos/photos/img-1660.jpg	docs/assets/photos/photos/thumbs/img-1660.jpg	photos/IMG_1660.jpg	640	480	9233a295135059ede2124ff069ccf4b1cc956e6c69730e9e4d0a2e87fe1a5bb6				
docs/assets/photos/photos/img-1696.jpg	docs/assets/photos/photos/thumbs/img-1696.jpg	photos/IMG_1696.jpg	640	480	fa60d9dc6f21b03d0b823bc02b613bd673d03edf7e8fe22512997cc6b5263675				
docs/assets/photos/photos/img-1746.jpg	docs/assets/photos/photos/thumbs/img-1746.jpg	photos/IMG_1746.jpg	640	480	bdb428f93327384090bd2e5acbfcc76a235e07faf7d53069ccecf064f7744771				
docs/assets/photos/photos/img-1906.jpg	docs/assets/photos/photos/thumbs/img-1906.jpg	photos/IMG_1906.jpg	640	480	fc6c9fb638441680f7867b304c436412a172a1e4ce1c144f171b59d245c119e4				
docs/assets/photos/photos/img-1967.jpg	docs/assets/photos/photos/thumbs/img-1967.jpg	photos/IMG_1967.jpg	480	640	6e85fee125f51177a46cd88fe02dcd2243fe720a3bdff461572d1201f10a5118				
docs/assets/photos/photos/img-1989.jpg	docs/assets/photos/photos/thumbs/img-1989.jpg	photos/IMG_1989.jpg	640	480	3327a637b1e8c32daec8bef3e32e6d691c6d72f268e35b40c7730ba22a4aa58e				
docs/assets/photos/photos/img-2088.jpg	docs/assets/photos/photos/thumbs/img-2088.jpg	photos/IMG_2088.jpg	640	480	e25714b275dda80640e4859020916a54756bc904ee65e99d3b68ff381d63d02f				
docs/assets/photos/photos/img-2089.jpg	docs/assets/photos/photos/thumbs/img-2089.jpg	photos/IMG_2089.jpg	640	480	9fbc5ae381dbef6e8bc968f2be019ac9a41aedcf7bdf37a19e7ab5d964ca2d36				
docs/assets/photos/photos/img-2107.jpg	docs/assets/photos/photos/thumbs/img-2107.jpg	photos/IMG_2107.jpg	480	640	d03b83858871b17ce122148fd1fb2ff427a1d854b184b3d0cbc1777e118794e5				
docs/assets/photos/photos/img-2120.jpg	docs/assets/photos/photos/thumbs/img-2120.jpg	photos/IMG_2120.jpg	640	480	fc324caaec5d45b1b29e5b15fdca1bb5ec64768d0255dda3b272c660d57044dc				
docs/assets/photos/photos/img-2273.jpg	docs/assets/photos/photos/thumbs/img-2273.jpg	photos/IMG_2273.jpg	640	479	82a6a415fcb8aaa8398666f0383caa36e84cfc63d55563ada68e104d1309fe40				
docs/assets/photos/photos/img-2275.jpg	docs/assets/photos/photos/thumbs/img-2275.jpg	photos/IMG_2275.jpg	640	479	45283fbdd09bbe224ed3a8ab7ac9dd1dedfa7f288e61918bf319c68aebe15c2c				
docs/assets/photos/photos/img-2292.jpg	docs/assets/photos/photos/thumbs/img-2292.jpg	photos/IMG_2292.jpg	640	480	ae55179f29ae8383f856da037ded056073f4c0cf27e69adb70f5677f5e29cf8b				
docs/assets/photos/photos/img-2313.jpg	docs/assets/photos/photos/thumbs/img-2313.jpg	photos/IMG_2313.jpg	640	480	0c9b15ff5a88abfea1b7db33110ac4e0d0fec766d6560e86332bcf7f52fdb350				
docs/assets/photos/photos/img-2355.jpg	docs/assets/photos/photos/thumbs/img-2355.jpg	photos/IMG_2355.jpg	640	480	5d143db5e148060e5d67af5f863e40250977fc67d730d81b63b9bc9858c6093b				
docs/assets/photos/photos/jag.jpg	docs/assets/photos/photos/thumbs/jag.jpg	photos/Jag.png	1600	812	ef18856a9ebd7569f99a43fbdce14c25d63f18ce99ec5d01a36ed44026ad22e5				
docs/assets/photos/photos/jamin.jpg	docs/assets/photos/photos/thumbs/jamin.jpg	photos/Jamin.jpg	300	225	a9e4fef73d18ecd6d655467cbbe7f94214fb7749e9c708585214f255d690930f				
docs/assets/photos/photos/ra-search-pamphlet.jpg	docs/assets/photos/photos/thumbs/ra-search-pamphlet.jpg	photos/RA_search_pamphlet.jpg	1600	1236	5c2be71b249539e92e6ba524a61f9ac156acdcc766248ed426ac9c6a5d5b96a1				
docs/assets/photos/photos/wiess-o-week-book-cover-2010-s.jpg	docs/assets/photos/photos/thumbs/wiess-o-week-book-cover-2010-s.jpg	photos/Wiess O-Week Book Cover 2010 S.jpg	1236	1600	2357b702b19503caddd7f82e7f6d4c36323210ca3da938278f2c66f6341f3b47				
docs/assets/photos/photos/wiess60-banner-1.jpg	docs/assets/photos/photos/thumbs/wiess60-banner-1.jpg	photos/Wiess60-banner(1).png	1600	895	60435be777afa37a84ec2d05892b736a54c41d5e3b89e93e699caf8f267755e1				
docs/assets/photos/photos/aca-slide.jpg	docs/assets/photos/photos/thumbs/aca-slide.jpg	photos/aca-slide.jpg	650	488	dd532a822b34d606365a4d642feb6d04cf99dfa1913defa9742bc9cc8d39b08e	A rendering of a spiral slide from an upper balcony down to the lawn. Compare the 2002 'Proposed Wiess Acaslide'.	TFWKB photo collection; source not recorded — @wb 20021013235815 http://www.teamwiess.com:80/pow.html	undated	The Acabowl (places/acabowl.md)
docs/assets/photos/photos/aca.jpg	docs/assets/photos/photos/thumbs/aca.jpg	photos/aca.png	600	600	d3ee15191a472749addc0b16406b1301be224cce7197dc8c0248d58a6c59ec5a				
docs/assets/photos/photos/ajaymissyamanda.jpg	docs/assets/photos/photos/thumbs/ajaymissyamanda.jpg	photos/ajaymissyamanda.png	380	284	f4319e94de53d049be9279e1c0a65a70676d2b137d89253e348eef29cc14d9ca				
docs/assets/photos/photos/alex-1.jpg	docs/assets/photos/photos/thumbs/alex-1.jpg	photos/alex(1).jpeg	1104	828	1db3bef6ba1f08d64645f1c964a332c39ebb3aebf6cc9e2fb7655001a2c62b6f				
docs/assets/photos/photos/amanda-2.jpg	docs/assets/photos/photos/thumbs/amanda-2.jpg	photos/amanda(2).png	1600	797	64c9b1004cc245bdb55f6b53fea23ae55cafd1a528e4a95deba806be40a52be4				
docs/assets/photos/photos/arrase-2.jpg	docs/assets/photos/photos/thumbs/arrase-2.jpg	photos/arrase(2).png	1169	1476	c172908d77f6f74ede94ef973fb7f1ec5ed8b06d0c7b26c9d53314dca08ce755				
docs/assets/photos/photos/ashishkaysieyunnie.jpg	docs/assets/photos/photos/thumbs/ashishkaysieyunnie.jpg	photos/ashishkaysieyunnie.png	378	270	ed4e150dca4be255c0e669da07e98c3f8c4cba3dd03559716ef8cade0949d056				
docs/assets/photos/photos/background.jpg	docs/assets/photos/photos/thumbs/background.jpg	photos/background.jpg	641	480	4d33072efb0266fbafbe9890e8f915a2f6c1b1e38f1120ba3232372d7c4f0fcf				
docs/assets/photos/photos/banner.jpg	docs/assets/photos/photos/thumbs/banner.jpg	photos/banner.jpg	438	101	1063c118ae1469dedafc90a5adef56c763505722f0984187ce585134b1ed9393				
docs/assets/photos/photos/bbq.jpg	docs/assets/photos/photos/thumbs/bbq.jpg	photos/bbq.jpg	940	588	652fc5ca223c5734947921da435d8f92332296ff90f84e3dd5aa2f3895597640				
docs/assets/photos/photos/beccaikekrithika.jpg	docs/assets/photos/photos/thumbs/beccaikekrithika.jpg	photos/beccaikekrithika.png	380	280	ac38503f89bb423730c4e7a3c3328b2cc4cde75f2ea35cbbabc4715f103cd28e				
docs/assets/photos/photos/beds.jpg	docs/assets/photos/photos/thumbs/beds.jpg	photos/beds.jpg	698	465	64be563ceee3e29c08b8754e31b4d3e9bc0ebb963b40e0b3015e73ed60e6130b	A double bedroom, two beds and two desks.	teamwiess.com, 'New students: rooms', 2017 — @wb 20170714224845 http://teamwiess.com/newstudents/rooms/beds.jpg	by 2017	Rooms and spaces (places/rooms-and-spaces.md)
docs/assets/photos/photos/beerbike.jpg	docs/assets/photos/photos/thumbs/beerbike.jpg	photos/beerbike.jpg	1600	1066	92516c012135a94a5a577c1d2cafa21c87b583726530e48d10d55d8925db72d3				
docs/assets/photos/photos/blaine-2.jpg	docs/assets/photos/photos/thumbs/blaine-2.jpg	photos/blaine(2).png	1600	832	e19efacdfa9cfc478c99ea0704c1799317361fc79af126c7d95a1dc90ad61a56				
docs/assets/photos/photos/bobanniedilo.jpg	docs/assets/photos/photos/thumbs/bobanniedilo.jpg	photos/bobanniedilo.png	372	280	b98a8606588244a63e32b4f54d773eea0cd1422a43c19d5d174932dc481e8aad				
docs/assets/photos/photos/cabinet.jpg	docs/assets/photos/photos/thumbs/cabinet.jpg	photos/cabinet.jpg	640	640	821ce9fba967a29afe7de1c493d11cfbc3c3b320b8c0a24c849fa953a1e765a6				
docs/assets/photos/photos/checklist.jpg	docs/assets/photos/photos/thumbs/checklist.jpg	photos/checklist.png	840	839	e5eda7afcb78058fd7d41360a1874b8b2386b0e541847870015b3a3cb85e813c				
docs/assets/photos/photos/closetbw-u6354.jpg	docs/assets/photos/photos/thumbs/closetbw-u6354.jpg	photos/closetbw-u6354.png	312	415	ab0b19934f36b74be9e77536a15a147612f1edcbc6bc308121bc3e52e411432c				
docs/assets/photos/photos/coke-cart-low.jpg	docs/assets/photos/photos/thumbs/coke-cart-low.jpg	photos/coke-cart-low.jpg	1600	1066	a442e259fe6af9428bf5db4e727cac40266a743ad0cabb8cf2cb9809f41e7d52				
docs/assets/photos/photos/collegerules.jpg	docs/assets/photos/photos/thumbs/collegerules.jpg	photos/collegerules.png	933	933	c3329bc98b6d9a7d140511cb0111dde2499459f3a4be34687f9a25fbc7e7871b				
docs/assets/photos/photos/commons.jpg	docs/assets/photos/photos/thumbs/commons.jpg	photos/commons.jpg	698	465	396d726d01e3861901c809b317b2c7fe0510f41f7b7a1b0cdd2fccf09e248206	The New Wiess Commons: long tables, yellow chairs, the glass wall onto the Acabowl.	teamwiess.com, 'New students: rooms', 2017 — @wb 20170714224839 http://teamwiess.com/newstudents/rooms/commons.jpg	by 2017	The Commons (places/commons.md)
docs/assets/photos/photos/const.jpg	docs/assets/photos/photos/thumbs/const.jpg	photos/const.png	742	742	8d064fdc9a52d69bcf779231574c1e254ad997dc969525d671e74ef493db43b2				
docs/assets/photos/photos/crestbw.jpg	docs/assets/photos/photos/thumbs/crestbw.jpg	photos/crestbw.png	600	600	51704712a29f382d238a507d7ccc8ed713b474668f07df5a91b40bc9b08d60da				
docs/assets/photos/photos/diana-matthew-low.jpg	docs/assets/photos/photos/thumbs/diana-matthew-low.jpg	photos/diana-matthew-low.jpg	1600	1066	c8691e20a5bd660cc3aa68b00a5097f1e08639ae569237749a8b7bb9178cb6bd				
docs/assets/photos/photos/fallcollegenight.jpg	docs/assets/photos/photos/thumbs/fallcollegenight.jpg	photos/fallcollegenight.jpg	1600	1066	19ec558401351a8577d95036e8c293a2dab495b4d7f5b7f52f64714c26064d19				
docs/assets/photos/photos/faq.jpg	docs/assets/photos/photos/thumbs/faq.jpg	photos/faq.png	827	826	07c3c117fdc8153fe4e5db6b1dee6d05eedcec91d38de4b2312f5cd3f8e35f83				
docs/assets/photos/photos/feature.jpg	docs/assets/photos/photos/thumbs/feature.jpg	photos/feature.jpg	475	104	e2ff1a34204840a474b66921b07113c07e84258dce05f8efd2ee52d6758084f3				
docs/assets/photos/photos/finalposter.jpg	docs/assets/photos/photos/thumbs/finalposter.jpg	photos/finalposter.png	615	595	0a3f5d13a09930ff02068d978d43f9f961c635459ca350f7b273ea369b625c73				
docs/assets/photos/photos/freshmanroomnew.jpg	docs/assets/photos/photos/thumbs/freshmanroomnew.jpg	photos/freshmanroomnew.png	362	277	5bcdd7997e5dd9261e2601041765f66a9b3f101721f3a0b60e04ea3841f687ea	Plan of a double: two bedrooms, a common room and a bathroom.	teamwiess.com, 2016 — @wb 20160506224916 http://teamwiess.com/res/freshmanroomnew.png	by 2016	Rooms and spaces (places/rooms-and-spaces.md)
docs/assets/photos/photos/graduation-1.jpg	docs/assets/photos/photos/thumbs/graduation-1.jpg	photos/graduation(1).jpg	533	800	005a6c1aceba571b50e501587d418f371be34a5f2589ae6018aed3f485c13c3c				
docs/assets/photos/photos/gus-ewart.jpg	docs/assets/photos/photos/thumbs/gus-ewart.jpg	photos/gus-ewart.jpg	940	588	e88a2cb59ecd9ffd30bf72796275eedc67aca1f444cff6155999b409a8b4a8a5				
docs/assets/photos/photos/houches-brent-01.jpg	docs/assets/photos/photos/thumbs/houches-brent-01.jpg	photos/houches_brent-01.jpg	640	480	832ccefcb927ea2f261f28aada9fab3f7feee4d170b19a8637ab4f9784d1ea0d				
docs/assets/photos/photos/housing.jpg	docs/assets/photos/photos/thumbs/housing.jpg	photos/housing.png	744	744	74360d0f75b5d1fc1120fb97088a7308585da824c3942bc3a01b09c9ea0bb955				
docs/assets/photos/photos/hutchinson.jpg	docs/assets/photos/photos/thumbs/hutchinson.jpg	photos/hutchinson.png	350	350	de37267833ecf3a8ce1aef1a7c48e8e1cc32f1209907f46c84ec98bb4220fb86	John and Paula Hutchinson (Magisters c.1990–2001), in academic dress, from the Associates page.	teamwiess.com, Associates, 2021 — @wb 20210806235829 http://teamwiess.com/images/associates/hutchinson.png	by 2021	Core Team (people/core-team.md)
docs/assets/photos/photos/image1.jpg	docs/assets/photos/photos/thumbs/image1.jpg	photos/image1.png	800	188	193a89b1aa576191f5efb01501b026d129f6e5bab874e8d5473a59e5a7137818				
docs/assets/photos/photos/image2.jpg	docs/assets/photos/photos/thumbs/image2.jpg	photos/image2.png	800	188	757975a115adad4a6d74cdf21a1f507f7bf6ee11724dcd9953692dc09ea5b2c9				
docs/assets/photos/photos/image7.jpg	docs/assets/photos/photos/thumbs/image7.jpg	photos/image7.png	800	188	76c2a6484c81b74c426f56e959104608a9c927bfb3242a42428b36f8792e5169				
docs/assets/photos/photos/jagnoor.jpg	docs/assets/photos/photos/thumbs/jagnoor.jpg	photos/jagnoor.png	1600	834	0bef93d88ccebda812fc32cc96712001c47826fec763e173e65f726c6818ca9c				
docs/assets/photos/photos/jamfest-1.jpg	docs/assets/photos/photos/thumbs/jamfest-1.jpg	photos/jamfest(1).jpg	203	101	3fbd94bb4bb47068386dd6bf4e8d293486c3347b39cdbea75e946e20ac1f91df				
docs/assets/photos/photos/jamfest8.jpg	docs/assets/photos/photos/thumbs/jamfest8.jpg	photos/jamfest8.jpg	264	225	abbc6a27c51eccfb97e651a38c29e94da24d953cda630770e7555161eddc3d31				
docs/assets/photos/photos/jf-bowling-1.jpg	docs/assets/photos/photos/thumbs/jf-bowling-1.jpg	photos/jf_bowling(1).jpg	150	87	98aea573d8f69697de2c843143485c2944a4ffc9509a939f536fe27bb186554d				
docs/assets/photos/photos/johnathon.jpg	docs/assets/photos/photos/thumbs/johnathon.jpg	photos/johnathon.png	1600	766	4615f5d6e3e8a1f61d7a39db716d51f3d083391c63a9bb48bf96bb49a1a212ca				
docs/assets/photos/photos/jordan.jpg	docs/assets/photos/photos/thumbs/jordan.jpg	photos/jordan.png	1600	791	9d5fd0272310c2bf8d590f4d688f7998e832a479578de3d06e79b46dd8eda9f6				
docs/assets/photos/photos/kaylamyritney.jpg	docs/assets/photos/photos/thumbs/kaylamyritney.jpg	photos/kaylamyritney.jpg	1600	1066	63fce5e9b252977643458ed77e9948dc365cec949f76cc62621a4565357d5d86				
docs/assets/photos/photos/lauren.jpg	docs/assets/photos/photos/thumbs/lauren.jpg	photos/lauren.jpg	200	200	306e6730084b808aad4eb3d2fd0c8c8c2ccb99d6cc0214317c60facd9c7e7bee				
docs/assets/photos/photos/lee.jpg	docs/assets/photos/photos/thumbs/lee.jpg	photos/lee.png	300	300	f0a1674921409eb433354ecf2e875e69e64bbcc4785c36625084943bffd993e7				
docs/assets/photos/photos/left1.jpg	docs/assets/photos/photos/thumbs/left1.jpg	photos/left1.jpg	272	320	90192424ff0afe90f064572d999d15cf1ed4826d4a2be08b7ff5f850dde3c6da				
docs/assets/photos/photos/listserv.jpg	docs/assets/photos/photos/thumbs/listserv.jpg	photos/listserv.jpg	544	544	55444d3e691fbed8f676394fd0556419135abfcbb67c44255d0b490fd46e236b				
docs/assets/photos/photos/map.jpg	docs/assets/photos/photos/thumbs/map.jpg	photos/map.jpg	1058	636	e8439840d9f6a67b0c9cbb460c0a4a2f30700f00a803d1f2339f9c1bd6ac8ba0				
docs/assets/photos/photos/marcosjahnavimichael.jpg	docs/assets/photos/photos/thumbs/marcosjahnavimichael.jpg	photos/marcosjahnavimichael.png	376	274	7d6c69332a3b9cb1a098f6ffba83930a18a1b50d8f6ec38064f3efc2096c5a04				
docs/assets/photos/photos/masonkrit.jpg	docs/assets/photos/photos/thumbs/masonkrit.jpg	photos/masonkrit.png	391	487	462cda43ace7a965381c0b11dfec6b7a938eccb03a87a36dbf0ff377549fc609				
docs/assets/photos/photos/masters.jpg	docs/assets/photos/photos/thumbs/masters.jpg	photos/masters.png	1176	1481	0f094872c237d368e26f075f737bfbd4b94d618abefdfe3622a78a8fa8690689				
docs/assets/photos/photos/mid1.jpg	docs/assets/photos/photos/thumbs/mid1.jpg	photos/mid1.jpg	270	144	fbf580257d60ffb53bb7646b6c369a5562d09d288dd4889c634bd4a97312d9ec				
docs/assets/photos/photos/mid2.jpg	docs/assets/photos/photos/thumbs/mid2.jpg	photos/mid2.jpg	270	176	122d353b3b437a42991132a02a2a884ffc1df309b40ddd08e9f0cdf8c5d8e2a5				
docs/assets/photos/photos/mikewendywill.jpg	docs/assets/photos/photos/thumbs/mikewendywill.jpg	photos/mikewendywill.png	378	282	aeac94c459b8ae50e7319042e6ed1ede3463cad2c06a185535b89401d522118e				
docs/assets/photos/photos/nanc.jpg	docs/assets/photos/photos/thumbs/nanc.jpg	photos/nanc.png	1182	1028	810725e5775894e8b854c94616d47645fa344c2c4bea58ec7f9c4121b54c8118				
docs/assets/photos/photos/nasimjordananson.jpg	docs/assets/photos/photos/thumbs/nasimjordananson.jpg	photos/nasimjordananson.png	378	282	86ad165d3783772e27c93c8e8fcdb6bc51bbd3b5ade446d3596f95aac57f79ef				
docs/assets/photos/photos/nervewreck.jpg	docs/assets/photos/photos/thumbs/nervewreck.jpg	photos/nervewreck.jpg	270	195	f9720a6e951620c9aeb86f15f039af7d100fa3bbb54d564b5ce9bb10ecd77a52				
docs/assets/photos/photos/newsletter.jpg	docs/assets/photos/photos/thumbs/newsletter.jpg	photos/newsletter.jpg	600	600	95ee4356a2a4db7e6ce2c12b285f0af886fbd02f04ad028c55b5b616194ca6ab				
docs/assets/photos/photos/norse1small.jpg	docs/assets/photos/photos/thumbs/norse1small.jpg	photos/norse1small.gif	553	293	494c2a8deaa8cb2c2e94eca176a00d423989bd1f85aa9cd5d4219d02bd216f6b	The Campanile photograph on the 1999 Norse Night page: a Viking-table diner, napkin on head.	riceinfo Wiess site, 1999 (a Campanile photograph) — @riceinfo-norse	before 1999	Norse Night (traditions/retired/norse-night.md)
docs/assets/photos/photos/o-week-book-cover-u6310-2.jpg	docs/assets/photos/photos/thumbs/o-week-book-cover-u6310-2.jpg	photos/o-week book cover-u6310(2).png	249	321	1d4e2e805542dca52a90350ac10d9b3fded56944511926a59ab8991a983eb157				
docs/assets/photos/photos/olivia-nora-u6622.jpg	docs/assets/photos/photos/thumbs/olivia-nora-u6622.jpg	photos/olivianora-u6622.png	316	212	ba91924f96c88207803009496730120244d60841551c752954b35813a8fd273d				
docs/assets/photos/photos/otherjack.jpg	docs/assets/photos/photos/thumbs/otherjack.jpg	photos/otherjack.png	1600	789	9be8a4f76ffe2d1ab1fa86a9b62a11e3038fa5514efae6ce473079885315aa23				
docs/assets/photos/photos/oweek-2.jpg	docs/assets/photos/photos/thumbs/oweek-2.jpg	photos/oweek(2).jpg	1600	1066	df9048651ca285da82a26beae6f4c44473ce473fb100fdd4d74843b33d9c49a4				
docs/assets/photos/photos/oweek2017.jpg	docs/assets/photos/photos/thumbs/oweek2017.jpg	photos/oweek2017.jpg	512	341	b9370273e751dda3c0760930433a5d118d566161ef9d5133e02fd7969045f312				
docs/assets/photos/photos/oweekbook-1.jpg	docs/assets/photos/photos/thumbs/oweekbook-1.jpg	photos/oweekbook(1).png	728	389	53516058762e8b8590c2768644e5d9fa06e277b7d784813fbe00a2bfa04a57a7				
docs/assets/photos/photos/oweekbook-2.jpg	docs/assets/photos/photos/thumbs/oweekbook-2.jpg	photos/oweekbook(2).png	655	655	48858e03f3fd5e76ec4269f9629b29c266ddc65fad625d14fb0c0f201fe444a1				
docs/assets/photos/photos/oweekbook-3.jpg	docs/assets/photos/photos/thumbs/oweekbook-3.jpg	photos/oweekbook(3).png	575	575	7e9dec8eff584785e720c9332c3fc39736e07aca4c978f20a6ba7c654af8641b				
docs/assets/photos/photos/oweekbook.jpg	docs/assets/photos/photos/thumbs/oweekbook.jpg	photos/oweekbook.png	1600	452	04e609284733b9fa7d493261326ee69fd4b510305d0a4e82ce323d15f17627ca				
docs/assets/photos/photos/oweekgroup.jpg	docs/assets/photos/photos/thumbs/oweekgroup.jpg	photos/oweekgroup.jpg	1600	1067	f9de6f497584c319e8f5f9d2410775e5aed57ad05a674976664b222e6170f5e0				
docs/assets/photos/photos/oweeksched.jpg	docs/assets/photos/photos/thumbs/oweeksched.jpg	photos/oweeksched.png	819	819	0ee3539c5f8175598753ba5f820b3ca2687b38f25bf3bb75368b3972dbaff187				
docs/assets/photos/photos/oweekvids.jpg	docs/assets/photos/photos/thumbs/oweekvids.jpg	photos/oweekvids.png	790	790	1fe4f591967bf51a960e43d4fcc2c3ba43e0215b6aca16e59e8891eeca8a834b				
docs/assets/photos/photos/oys-1.jpg	docs/assets/photos/photos/thumbs/oys-1.jpg	photos/oys(1).jpg	1600	1068	68edda0eb3ff6f5b4cef3d515d7b7cf28ada66e2740ddd15736762be150b436d				
docs/assets/photos/photos/party.jpg	docs/assets/photos/photos/thumbs/party.jpg	photos/party.jpg	500	500	68cef67a3efc55a786b880c6e53ddbe11473b391b3d978c986ce5683660e8b76				
docs/assets/photos/photos/powderpuff-low.jpg	docs/assets/photos/photos/thumbs/powderpuff-low.jpg	photos/powderpuff-low.jpg	1600	1066	f29ce84c4d3325b8f7ba09f86d4b9c8966cbb013dcc6bccb95455265822b2a4c	The Wiess powderpuff team at night, in black jerseys.	teamwiess.com, by January 2023 — @wb 20230114010452 http://teamwiess.com/images/powderpuff-low.jpg	by 2023	Battle Sows & Powderpuff (traditions/battle-sows-powderpuff.md)
docs/assets/photos/photos/racheljessejacob.jpg	docs/assets/photos/photos/thumbs/racheljessejacob.jpg	photos/racheljessejacob.png	374	282	d2f138a5dbd6ecab895ab720904b5fb424dc2b6652c4e0afa16b25f69cd5dba0				
docs/assets/photos/photos/right1.jpg	docs/assets/photos/photos/thumbs/right1.jpg	photos/right1.jpg	220	320	e57fe907cd597dd1467bb15b1fadd60a2a408bd0ad81a1bdd1ccc3a124df42c9				
docs/assets/photos/photos/rileyrebeccashweta.jpg	docs/assets/photos/photos/thumbs/rileyrebeccashweta.jpg	photos/rileyrebeccashweta.png	374	274	9cb85aba7361b419089d8e8160b23ff447222d13611c43687d58045106ead419				
docs/assets/photos/photos/roberto-angela-low.jpg	docs/assets/photos/photos/thumbs/roberto-angela-low.jpg	photos/roberto-angela-low.jpg	1600	1066	fe689e18d10e98a2bd61b8560551d8496d3cd0e2bca69f1a6be4c9f55fcec7e5				
docs/assets/photos/photos/robin.jpg	docs/assets/photos/photos/thumbs/robin.jpg	photos/robin.png	1600	841	234b8bf1a7362023283b4e4d77a7874d093a43ca0787fef9d2693a8e7b549f2f				
docs/assets/photos/photos/rockinrobin.jpg	docs/assets/photos/photos/thumbs/rockinrobin.jpg	photos/rockinrobin.jpg	150	143	f6e25c29b2da2968a16ddcf69a23f1e9c17be7bd074427d8452cd992ad0dddab				
docs/assets/photos/photos/sagedanielsonia.jpg	docs/assets/photos/photos/thumbs/sagedanielsonia.jpg	photos/sagedanielsonia.png	376	278	efd7ef228a9033a5fbb3c51118bfa1efb58c5e14501f72d74f1e9956c2db51db				
docs/assets/photos/photos/sarah-anand-u6589.jpg	docs/assets/photos/photos/thumbs/sarah-anand-u6589.jpg	photos/sarahanand-u6589.png	316	212	a53afaf7d8da3a2f5593f6df1d85b795e35e32252aee2381a25d1a47bc8cc987				
docs/assets/photos/photos/sharktank.jpg	docs/assets/photos/photos/thumbs/sharktank.jpg	photos/sharktank.jpg	350	263	5b0925bfc93272bc9d6ab405c827e9d9eaef2eb39f69cf84e31c7642db0f9664				
docs/assets/photos/photos/sky-1.jpg	docs/assets/photos/photos/thumbs/sky-1.jpg	photos/sky(1).jpg	1500	1000	680af0655e8c9e71c43aeec5775d3ec72da3691e62b8937beb7bd5ff69e6dcd5				
docs/assets/photos/photos/slide-02.jpg	docs/assets/photos/photos/thumbs/slide-02.jpg	photos/slide_02.jpg	650	488	f0f06b1f1413186d955c25e9c79e7a2d36a47a36c1fc9a8c99a45c6970116084				
docs/assets/photos/photos/slide-05.jpg	docs/assets/photos/photos/thumbs/slide-05.jpg	photos/slide_05.jpg	650	488	bafbea36738c2cf3d8f0d99db64b10bc971f7fc1845c8130d166555a8637e326				
docs/assets/photos/photos/sponsorwiess-1.jpg	docs/assets/photos/photos/thumbs/sponsorwiess-1.jpg	photos/sponsorwiess(1).png	1244	744	9f55ab77abdb35d9e69b97b78b5eb8651fe18b33940c90f38513a82e45ef5347				
docs/assets/photos/photos/tableofcontents-2.jpg	docs/assets/photos/photos/thumbs/tableofcontents-2.jpg	photos/tableofcontents(2).png	903	828	6a7b8683d48bb2b37e386accc3dd94026a4683d4d8f2bd9b198edf92907cff2a				
docs/assets/photos/photos/teamlogobg.jpg	docs/assets/photos/photos/thumbs/teamlogobg.jpg	photos/teamlogobg.png	775	200	6aafd694bfe0eb4e0bc9b2ea71f34f8744de09f99ac451f5fa1b160a6a012302				
docs/assets/photos/photos/teamwiessbanner-copy.jpg	docs/assets/photos/photos/thumbs/teamwiessbanner-copy.jpg	photos/teamwiessbanner copy.jpg	1000	288	9c570fff2d72165cadd24fc3c116c27b3854dfc2d57de899fae232ef9f00a037				
docs/assets/photos/photos/tfw.jpg	docs/assets/photos/photos/thumbs/tfw.jpg	photos/tfw.jpg	1600	1066	d4d2da193d773c434904f9f799b684aeece60969c762b1d529989334322eae36				
docs/assets/photos/photos/tim-oweek.jpg	docs/assets/photos/photos/thumbs/tim-oweek.jpg	photos/tim-oweek.jpg	940	588	e8dbf2f8c15d59bbfc77a667c77b3f52f64695d90cb52cb9bb3a56b7b0425cf4				
docs/assets/photos/photos/top1.jpg	docs/assets/photos/photos/thumbs/top1.jpg	photos/top1.jpg	762	251	b986d704375af90b6e956bc20e7e92ffaa64881f126f1bda5e0dd795aa134771				
docs/assets/photos/photos/vending.jpg	docs/assets/photos/photos/thumbs/vending.jpg	photos/vending.jpg	500	500	00667d21a3156bd2dcdcabab90e00169760f76ff4c1ab1b193baad1128de2479				
docs/assets/photos/photos/warpig1.jpg	docs/assets/photos/photos/thumbs/warpig1.jpg	photos/warpig1.gif	381	190	25d82c05988b2fcf139072279c163e1cb2efd6fae8ed438ef6afebf455048383	A black pig lettered TEAM WIESS: the picture beside 'The mighty War Pig' on the first website's traditions page.	riceinfo Wiess site, 2000 — @wb 20000526190203 http://riceinfo.rice.edu:80/projects/colleges/wiess/traditions/index.html	by 2000	War Pig (traditions/warpig.md)
docs/assets/photos/photos/warpigs-in-a-blanket-2.jpg	docs/assets/photos/photos/thumbs/warpigs-in-a-blanket-2.jpg	photos/warpigs in a blanket(2).png	877	581	e7e486ac19dd58323d5c2aa35234c16f894d3daade08517617ca1e964104e86d				
docs/assets/photos/photos/weiss-jocks-nd-047.jpg	docs/assets/photos/photos/thumbs/weiss-jocks-nd-047.jpg	photos/weiss-jocks-nd-047.webp	640	492	df32a64d8de8635900cdafc581c710042ff9716c2846e30f05ff075cda66560e	A banner in the Old Wiess Commons supporting the Wiess jocks. Undated; commenters guess the 1960s or early 1970s.	Rice History Corner, 20 May 2016 — @rhc 2016-05-20 friday-follies-go-wiess-jocks	undated (1960s–70s?)	Jock Row (traditions/retired/jock-row.md)
docs/assets/photos/photos/welcome-low.jpg	docs/assets/photos/photos/thumbs/welcome-low.jpg	photos/welcome-low.jpg	1600	1066	ecfc31e1fa88df63d533bd935f2224faf3637cdb089368f35839b58ace1ee799				
docs/assets/photos/photos/welcomevideo.jpg	docs/assets/photos/photos/thumbs/welcomevideo.jpg	photos/welcomevideo.png	1600	903	f9725207456439aa9a88a254c98de79a0dd943f82f1af5d798006cd49bda5cfe				
docs/assets/photos/photos/wiessing.jpg	docs/assets/photos/photos/thumbs/wiessing.jpg	photos/wiessing.jpeg	1600	1067	3c7d5877e9b0774914cbfddffd926d1f31a9cf2eedd5ca8ba4c280520eee1ee7				
docs/assets/photos/photos/yeahwiess.jpg	docs/assets/photos/photos/thumbs/yeahwiess.jpg	photos/yeahwiess.png	850	850	2ec1ce1919cf3894f31e2c3d4dfcbe04acb2f7199d64d99709ec9380f1984b76				
docs/assets/photos/photos-summit/2024.jpg	docs/assets/photos/photos-summit/thumbs/2024.jpg	photos/summit/2024.jpg	1600	1066	2e05f5087a6ec30bd4c1e2e2b0c395491ffce18ee902c8e6fda5c84be88eb7dd	Summit 2024: the college on the beach (date from the file name).	TFWKB photo collection; source not recorded	2024	Summit (traditions/summit.md)
docs/assets/photos/photos-summit/summit-crop-u4851-2.jpg	docs/assets/photos/photos-summit/thumbs/summit-crop-u4851-2.jpg	photos/summit/summit-crop-u4851(2).png	528	352	e2854627a153a1f01799bbf5e69d446aaff393b8d28f77e0794a00ada88a831c				
docs/assets/photos/photos-old-wiess/details-photo1.jpg	docs/assets/photos/photos-old-wiess/thumbs/details-photo1.jpg	photos/Old Wiess/details_photo1.jpg	500	368	9640200e67ef09441622e2f0fbb564c27d5ed41f22e229751b9eb4ab6b84553f				
docs/assets/photos/photos-old-wiess/details-photo10.jpg	docs/assets/photos/photos-old-wiess/thumbs/details-photo10.jpg	photos/Old Wiess/details_photo10.jpg	280	375	991828641c2b95d6e4fefb7a24c91ec6315991d3793a2231f763083fe8febea5				
docs/assets/photos/photos-old-wiess/details-photo11.jpg	docs/assets/photos/photos-old-wiess/thumbs/details-photo11.jpg	photos/Old Wiess/details_photo11.jpg	500	375	0973b9231055dbaa124aa005fd124751c9e5bb3f39a513dccadd29190b233e37				
docs/assets/photos/photos-old-wiess/details-photo2.jpg	docs/assets/photos/photos-old-wiess/thumbs/details-photo2.jpg	photos/Old Wiess/details_photo2.jpg	277	375	3b79165c0386b68d56814d844cb733ec0fa76080e216796ac7d99b94856cb480				
docs/assets/photos/photos-old-wiess/details-photo3.jpg	docs/assets/photos/photos-old-wiess/thumbs/details-photo3.jpg	photos/Old Wiess/details_photo3.jpg	500	375	125977b4df73e24a74f04e523155c20e6cc83f15391324e6ba2a9803b67b3948				
docs/assets/photos/photos-old-wiess/details-photo4.jpg	docs/assets/photos/photos-old-wiess/thumbs/details-photo4.jpg	photos/Old Wiess/details_photo4.jpg	278	375	391eb7eb7ae89c8090bea8c1d0c60b8203d5d4af141a619ed6b5a9d3ec93f2c9				
docs/assets/photos/photos-old-wiess/details-photo5.jpg	docs/assets/photos/photos-old-wiess/thumbs/details-photo5.jpg	photos/Old Wiess/details_photo5.jpg	500	375	01b07980ec5c0105d4b17922ee317b74a57e83cb60d199e2f84edc3b2467497f				
docs/assets/photos/photos-old-wiess/details-photo6.jpg	docs/assets/photos/photos-old-wiess/thumbs/details-photo6.jpg	photos/Old Wiess/details_photo6.jpg	500	366	80d6492f1de2dd5c9cad130c69009ed706040d8c4b86b819d78c4854ea50c5e5	The 1975 plaque: 'Wiess College, established in memory of Harry Carothers Wiess (1887–1948)', with the Plutarch line on Socrates. Transcribed under Open questions.	Colin Delany '91, 'wiess college | abandoned', August 2002 — @edesigns-old-wiess-2002	2002-08	Old Wiess, 2002 (places/old-wiess.md)
docs/assets/photos/photos-old-wiess/details-photo7.jpg	docs/assets/photos/photos-old-wiess/thumbs/details-photo7.jpg	photos/Old Wiess/details_photo7.jpg	265	375	51b7d8a8123c9b166ac4430071ba5d5a62261d9c0512f47b38c47db366778bf0				
docs/assets/photos/photos-old-wiess/details-photo8.jpg	docs/assets/photos/photos-old-wiess/thumbs/details-photo8.jpg	photos/Old Wiess/details_photo8.jpg	500	375	b91425c1964a69c41782dd6f3298e326af0f598b04009c6411df05df1bbd7c65				
docs/assets/photos/photos-old-wiess/hallways-photo1.jpg	docs/assets/photos/photos-old-wiess/thumbs/hallways-photo1.jpg	photos/Old Wiess/hallways_photo1.jpg	274	375	254cf057c2a63e392ce869bea47a3cbcdf88e4088bcd004529c32aeb099e5d00	An outdoor balcony walkway, August 2002: every Old Wiess room opened onto one.	Colin Delany '91, 'wiess college | abandoned', August 2002 — @edesigns-old-wiess-2002	2002-08	Old Wiess, 2002 (places/old-wiess.md)
docs/assets/photos/photos-old-wiess/hallways-photo2.jpg	docs/assets/photos/photos-old-wiess/thumbs/hallways-photo2.jpg	photos/Old Wiess/hallways_photo2.jpg	500	369	03d7f6966e8b3e4d7230cb1ba0116ccd83182a19572149449b875e07ea7e8e7b	Two storeys of rooms opening onto balconies over a courtyard, August 2002.	Colin Delany '91, 'wiess college | abandoned', August 2002 — @edesigns-old-wiess-2002	2002-08	Old Wiess, 2002 (places/old-wiess.md)
docs/assets/photos/photos-old-wiess/hallways-photo3.jpg	docs/assets/photos/photos-old-wiess/thumbs/hallways-photo3.jpg	photos/Old Wiess/hallways_photo3.jpg	281	375	a75e94427001bfed5d8f416bd50b0b7449c58c9bde41d2ac9bf8d36645f42c3d				
docs/assets/photos/photos-old-wiess/hallways-photo4.jpg	docs/assets/photos/photos-old-wiess/thumbs/hallways-photo4.jpg	photos/Old Wiess/hallways_photo4.jpg	500	375	3fc2cc9168358287c222a92b1d2e53d85b738c9808a9b36799bb530bdb6574a7				
docs/assets/photos/photos-old-wiess/hallways-photo5.jpg	docs/assets/photos/photos-old-wiess/thumbs/hallways-photo5.jpg	photos/Old Wiess/hallways_photo5.jpg	478	375	0b599c3872484e1982e08a6e7831be597175b40ebb0f0fa8e5aeb46e9eea1ae9				
docs/assets/photos/photos-old-wiess/jello-night-weiss-college-c1996-3-008-commons.jpg	docs/assets/photos/photos-old-wiess/thumbs/jello-night-weiss-college-c1996-3-008-commons.jpg	photos/Old Wiess/jello-night-weiss-college-c1996-3-008-commons.jpg	570	372	30d10d766fa0dddb00962c7c25ed4dd700d0b7cb24bc286ed91c433df45d3da9	Jello Night in the Old Wiess Commons, c.1996 (date and event from the file name).	TFWKB photo collection; source not recorded	c.1996	The Commons (places/commons.md)
docs/assets/photos/photos-old-wiess/spaces-photo1.jpg	docs/assets/photos/photos-old-wiess/thumbs/spaces-photo1.jpg	photos/Old Wiess/spaces_photo1.jpg	500	375	bbf4b4335fec4200fdb0bd281082559d58a2af74aad5afb4d176fa4ebc4e1e21	'Between commons and backabowl' (Delany's caption), August 2002.	Colin Delany '91, 'wiess college | abandoned', August 2002 — @edesigns-old-wiess-2002	2002-08	Old Wiess, 2002 (places/old-wiess.md)
docs/assets/photos/photos-old-wiess/spaces-photo10.jpg	docs/assets/photos/photos-old-wiess/thumbs/spaces-photo10.jpg	photos/Old Wiess/spaces_photo10.jpg	500	300	879fc0b209a93659b24718797bc82b5044c4662fefc85ebd3a3f8e05909130be				
docs/assets/photos/photos-old-wiess/spaces-photo11.jpg	docs/assets/photos/photos-old-wiess/thumbs/spaces-photo11.jpg	photos/Old Wiess/spaces_photo11.jpg	500	375	16fad76dbed5ff410a537144271eeb941e743d56f6ca5b0df8ec48bb36bd8c8f				
docs/assets/photos/photos-old-wiess/spaces-photo12.jpg	docs/assets/photos/photos-old-wiess/thumbs/spaces-photo12.jpg	photos/Old Wiess/spaces_photo12.jpg	500	375	133e8e4908dd10ebac5717347a49480dddee9d4deb1dfe20325be55381308170				
docs/assets/photos/photos-old-wiess/spaces-photo13.jpg	docs/assets/photos/photos-old-wiess/thumbs/spaces-photo13.jpg	photos/Old Wiess/spaces_photo13.jpg	500	365	8d055775c3449716026664ef3dec6d3d142583a6de3c96ae1d0628a70ba63e6d	The entrance under the WIESS COLLEGE lettering, abandoned, August 2002.	Colin Delany '91, 'wiess college | abandoned', August 2002 — @edesigns-old-wiess-2002	2002-08	Old Wiess, 2002 (places/old-wiess.md)
docs/assets/photos/photos-old-wiess/spaces-photo2.jpg	docs/assets/photos/photos-old-wiess/thumbs/spaces-photo2.jpg	photos/Old Wiess/spaces_photo2.jpg	281	375	a29766e909b231e839aa9836eed5e28003f9f74196bf4c27e0d5bffe1777ae2c				
docs/assets/photos/photos-old-wiess/spaces-photo3.jpg	docs/assets/photos/photos-old-wiess/thumbs/spaces-photo3.jpg	photos/Old Wiess/spaces_photo3.jpg	500	375	ee636dd10d76853a1191d4c2f11f0d143b804484fb6c2dc537a678d3176934cf	A glass-walled common room with yellow chairs, seen from outside, August 2002.	Colin Delany '91, 'wiess college | abandoned', August 2002 — @edesigns-old-wiess-2002	2002-08	Old Wiess, 2002 (places/old-wiess.md)
docs/assets/photos/photos-old-wiess/spaces-photo4.jpg	docs/assets/photos/photos-old-wiess/thumbs/spaces-photo4.jpg	photos/Old Wiess/spaces_photo4.jpg	507	375	1d38d31dd4c63c70561f22ac34df72e0a10150f41434648ea7a46f924f817c6f				
docs/assets/photos/photos-old-wiess/spaces-photo5.jpg	docs/assets/photos/photos-old-wiess/thumbs/spaces-photo5.jpg	photos/Old Wiess/spaces_photo5.jpg	500	375	1ed8f1dd19b3a784b9d844c2745470fe4553801aa373dcc40163525c4b0e7c7e	A paved patio with benches under the trees, August 2002.	Colin Delany '91, 'wiess college | abandoned', August 2002 — @edesigns-old-wiess-2002	2002-08	Old Wiess, 2002 (places/old-wiess.md)
docs/assets/photos/photos-old-wiess/spaces-photo6.jpg	docs/assets/photos/photos-old-wiess/thumbs/spaces-photo6.jpg	photos/Old Wiess/spaces_photo6.jpg	500	375	f2194950ea36382462bb47847b9de80dedd3be6cccc357c6d3cd657a5f752eb6				
docs/assets/photos/photos-old-wiess/spaces-photo7.jpg	docs/assets/photos/photos-old-wiess/thumbs/spaces-photo7.jpg	photos/Old Wiess/spaces_photo7.jpg	500	372	4b298d1ba0e9c7df0d8c1f6ec95bc44bd476b400210b576176411d0d5d33e1c1				
docs/assets/photos/photos-old-wiess/spaces-photo8.jpg	docs/assets/photos/photos-old-wiess/thumbs/spaces-photo8.jpg	photos/Old Wiess/spaces_photo8.jpg	500	375	50bd0f57c77962c70e30ddab837934cd2a240af0081fdcbd9543403f6e59481f				
docs/assets/photos/photos-old-wiess/spaces-photo9.jpg	docs/assets/photos/photos-old-wiess/thumbs/spaces-photo9.jpg	photos/Old Wiess/spaces_photo9.jpg	500	373	c7a9e3feaacb93856f4b1e0fa9a29805218b216ec7166e20e086d286b0f7e4a2				
docs/assets/photos/photos-old-wiess/windows-photo1.jpg	docs/assets/photos/photos-old-wiess/thumbs/windows-photo1.jpg	photos/Old Wiess/windows_photo1.jpg	281	375	ea24ca0fe2f5b369752c184e450b1285fb70388a00d747f7d72d7fe7004884f4				
docs/assets/photos/photos-old-wiess/windows-photo2.jpg	docs/assets/photos/photos-old-wiess/thumbs/windows-photo2.jpg	photos/Old Wiess/windows_photo2.jpg	468	375	2d42362fefd8b4dc5504a420a937759b158f1d86febbed022f5bcd5a188f7e36				
docs/assets/photos/photos-old-wiess/windows-photo3.jpg	docs/assets/photos/photos-old-wiess/thumbs/windows-photo3.jpg	photos/Old Wiess/windows_photo3.jpg	500	375	0f2e2001e59a4d148032e16547b3e180ad629ff74faa7e1fc35db17d9471fe93	Steel-framed windows in the brick, August 2002.	Colin Delany '91, 'wiess college | abandoned', August 2002 — @edesigns-old-wiess-2002	2002-08	Old Wiess, 2002 (places/old-wiess.md)
docs/assets/photos/photos-old-wiess/windows-photo5.jpg	docs/assets/photos/photos-old-wiess/thumbs/windows-photo5.jpg	photos/Old Wiess/windows_photo5.jpg	500	375	74976387483490722aad880550a7ffcfd694709b747d9300569a71c8afcd865b				
docs/assets/photos/photos-old-wiess/windows-photo7.jpg	docs/assets/photos/photos-old-wiess/thumbs/windows-photo7.jpg	photos/Old Wiess/windows_photo7.jpg	500	375	95d6a7f7fcabcd3dc20d7d5ed78541c748f841b081fd058453ee0fabe08684cf				
docs/assets/photos/photos-old-wiess-construction/moritz-wiesshallcompletion-3-10-50.jpg	docs/assets/photos/photos-old-wiess-construction/thumbs/moritz-wiesshallcompletion-3-10-50.jpg	photos/Old Wiess/Construction/Moritz-WiessHallcompletion-3-10-50.jpg	1600	1248	1b1e69f5494a49eb5fcfbc688d23f834969337a246c029cf367e1130290ba7b0	'Wiess Hall completion', 10 March 1950 (date from the file's title): the finished building behind a lone pine.	Rice University, Woodson Research Center, via Rice History Corner — @rhc 2012-12-04 wiess-hall-construction-1949	1950-03-10	Old Wiess, construction (places/old-wiess.md)
docs/assets/photos/photos-old-wiess-construction/photography-wiesshallconstruction-11-1-49.jpg	docs/assets/photos/photos-old-wiess-construction/thumbs/photography-wiesshallconstruction-11-1-49.jpg	photos/Old Wiess/Construction/Photography-WiessHallconstruction-11-1-49.jpg	1297	1600	b59618f8b50a5f612e10b38ffec223a4f5772378f42bff89956c81889727b259	1 November 1949: along a finished walkway.	Rice University, Woodson Research Center, via Rice History Corner — @rhc 2012-12-04 wiess-hall-construction-1949	1949-11-01	Old Wiess, construction (places/old-wiess.md)
docs/assets/photos/photos-old-wiess-construction/photography-wiesshallconstruction-4-1-49.jpg	docs/assets/photos/photos-old-wiess-construction/thumbs/photography-wiesshallconstruction-4-1-49.jpg	photos/Old Wiess/Construction/Photography-WiessHallconstruction-4-1-49.jpg	1600	1260	fe1001a973a06f5eea9645593250c1add04b41537689223eaeb8a98dcf3ed831	1 April 1949: footings and forms, with a baseball game against A&M in the background.	Rice University, Woodson Research Center, via Rice History Corner — @rhc 2012-12-04 wiess-hall-construction-1949; @rhc 2012-12-04 wiess-hall-construction-1949 comment by almadenmike, 5 Dec 2012	1949-04-01	Old Wiess, construction (places/old-wiess.md)
docs/assets/photos/photos-old-wiess-construction/wiess-construction-1.jpg	docs/assets/photos/photos-old-wiess-construction/thumbs/wiess-construction-1.jpg	photos/Old Wiess/Construction/wiess-construction-1.jpg	1600	1288	caee23e99731e8b8ec4d288d090b574ed18e30b61b54182180ad5ff82948998c	1 March 1949: the site staked out with batter boards on open grass, a crane and site hut beyond. The label reads 'Wm. M. Rice Institute Dormitory Building, Staub & Rather, Architects, W. S. Bellows Construction Corp., Contractors'.	Rice University, Woodson Research Center, via Rice History Corner — @rhc 2012-12-04 wiess-hall-construction-1949	1949-03-01	Old Wiess, construction (places/old-wiess.md)
docs/assets/photos/photos-old-wiess-construction/wiess-construction-2.jpg	docs/assets/photos/photos-old-wiess-construction/thumbs/wiess-construction-2.jpg	photos/Old Wiess/Construction/wiess-construction-2.jpg	1600	1251	db03ad51a757990327e310b12043f1bcc54b3d04318f41a97e2e7422ab4d7eed	1 April 1949 (no. 2): the foundation forms across the site.	Rice University, Woodson Research Center, via Rice History Corner — @rhc 2012-12-04 wiess-hall-construction-1949	1949-04-01	Old Wiess, construction (places/old-wiess.md)
docs/assets/photos/photos-old-wiess-construction/wiess-construction-4.jpg	docs/assets/photos/photos-old-wiess-construction/thumbs/wiess-construction-4.jpg	photos/Old Wiess/Construction/wiess-construction-4.webp	1600	1210	451ad9c920eb8be59c16025c579512a9563ceda1c20428d87325b56900990d93	1 August 1949: the steel frame of the walkway roofs.	Rice University, Woodson Research Center, via Rice History Corner — @rhc 2012-12-04 wiess-hall-construction-1949	1949-08-01	Old Wiess, construction (places/old-wiess.md)
docs/assets/photos/photos-old-wiess-construction/wiess1949.jpg	docs/assets/photos/photos-old-wiess-construction/thumbs/wiess1949.jpg	photos/Old Wiess/Construction/wiess1949.jpg	1600	1295	b8561b36739140911dcf607b8e03e8c87283532669d76222d1bd78ec64ff7a46	1 December 1949: a two-storey wing complete, its balconies open to the yard; the ground still bare.	Rice University, Woodson Research Center, via Rice History Corner — @rhc 2012-12-04 wiess-hall-construction-1949	1949-12-01	Old Wiess, construction (places/old-wiess.md)
docs/assets/photos/photos-outside/1970-water-fight.jpg	docs/assets/photos/photos-outside/thumbs/1970-water-fight.jpg	photos/Outside/1970-water-fight.webp	1600	1093	5c6004ad6f611781c36066eb9ee0b71f555fb59549020c6d2ecdbc9e4b955970	The same battery from the side: a stretched launcher on the Old Wiess stair landing.	Rice History Corner, 6 May 2011 — @rhc 2011-05-06 friday-afternoon-follies-plus-a-campus-quiz	c.1961–70	Gazilchers (traditions/retired/gazilchers.md)
docs/assets/photos/photos-outside/1970-wiess-water-fight.jpg	docs/assets/photos/photos-outside/thumbs/1970-wiess-water-fight.jpg	photos/Outside/1970-wiess-water-fight.jpg	1600	1066	2cd63295963cd1b78623991fbc38f9e7678eb52534c2fc50623f238c81562a89	Water balloons launched from the west wing of Old Wiess. The file is dated 1970; an alumnus who was there dates it c.1961–62.	Rice History Corner, 6 May 2011 — @rhc 2011-05-06 friday-afternoon-follies-plus-a-campus-quiz; @rhc 2011-05-06 friday-afternoon-follies-plus-a-campus-quiz comment by Dagobert Brito (Wiess '63), 7 May 2011	c.1961–70	Gazilchers (traditions/retired/gazilchers.md)
docs/assets/photos/photos-outside/aerialviewgymnasium-1969.jpg	docs/assets/photos/photos-outside/thumbs/aerialviewgymnasium-1969.jpg	photos/Outside/AerialviewGymnasium-1969.jpg	1600	1068	caad28dd93aac82062d6531f85c624dedef1dce5aa6d8dc2ade5c592070480e6	Aerial view of the campus around the gymnasium, 1969 (date and subject from the file name); Old Wiess's west wing stood next to the gym.	TFWKB photo collection; source not recorded — @riceinfo-history	1969	Old Wiess (places/old-wiess.md)
docs/assets/photos/photos-outside/dc8a2922-10.jpg	docs/assets/photos/photos-outside/thumbs/dc8a2922-10.jpg	photos/Outside/DC8A2922-10.jpg	1600	1066	4916ed5cffcd92fcf47ea4db2d117ea38f11a6f75c8e426f111a232cbc8b8787				
docs/assets/photos/photos-outside/oldwiesscollege-9-69.jpg	docs/assets/photos/photos-outside/thumbs/oldwiesscollege-9-69.jpg	photos/Outside/OldWiessCollege-9-69.jpg	1600	1116	2be88aa1fa891aa5c7fccf0ef047763320c1c9f0dc51f80693ce57520f1f7050	Old Wiess College across an open field, September 1969 (date from the file name).	TFWKB photo collection; source not recorded	1969-09	Old Wiess (places/old-wiess.md)
docs/assets/photos/photos-outside/acabowl-2017.jpg	docs/assets/photos/photos-outside/thumbs/acabowl-2017.jpg	photos/Outside/acabowl-2017.jpg	698	465	75f71d5f299f89f00621534e123700e71e7bd79cf4bfdca8a9b824cce11cc8ae	The New Wiess Acabowl: lawn, a picnic table and the ivy-hung wing.	teamwiess.com, 'New students: rooms', 2017 — @wb 20170714224834 http://teamwiess.com/newstudents/rooms/acabowl.jpg	by 2017	The Acabowl (places/acabowl.md)
docs/assets/photos/photos-outside/arch.jpg	docs/assets/photos/photos-outside/thumbs/arch.jpg	photos/Outside/arch.jpg	1000	667	d59347922f51f69cc45b204abf3a533e380eb0f1c0c4b5d745c2e4a58264cbf0				
docs/assets/photos/photos-outside/bacaterrace.jpg	docs/assets/photos/photos-outside/thumbs/bacaterrace.jpg	photos/Outside/bacaterrace.jpg	1500	1000	f1c28d9db9785a31d9fdf42c21d47d7dd1ddeb84710bad79f10ccd14d0e01cab	The large paved terrace on the South Servery roof, with its shade structure, at sunset. The file is named 'bacaterrace'.	TFWKB photo collection; source not recorded	undated	The terraces (places/terraces.md)
docs/assets/photos/photos-outside/bg-black.jpg	docs/assets/photos/photos-outside/thumbs/bg-black.jpg	photos/Outside/bg-black.png	960	480	8b1f24745d17d456c866d60c17839db88335cb5fd72792aba1714f6dc95e1c50				
docs/assets/photos/photos-outside/commons-2.jpg	docs/assets/photos/photos-outside/thumbs/commons-2.jpg	photos/Outside/commons(2).jpg	648	272	1648ce6966acb97ac35a5aec7178b16a73dcdc394762b7e11a85e4fc16591ef4	The New Wiess Commons from the Acabowl lawn: two storeys of glass behind a sunscreen, a tree in front.	TFWKB photo collection; source not recorded	undated (after 2002)	The Commons (places/commons.md)
docs/assets/photos/photos-outside/dark-aisle-4.jpg	docs/assets/photos/photos-outside/thumbs/dark-aisle-4.jpg	photos/Outside/dark-aisle(4).jpg	1500	1000	a1ce4c52bd34b56fda1c275da001bf45eafb94611a516eb921ff3d3f5545faa7	Another corridor at dusk: brick on one side, screen and ivy on the other.	teamwiess.com, 'acapics', 2017 — @wb 20170602225337 http://teamwiess.com/acapics/dark-aisle.jpg	by 2017	New Wiess (places/new-wiess.md)
docs/assets/photos/photos-outside/dark-sky.jpg	docs/assets/photos/photos-outside/thumbs/dark-sky.jpg	photos/Outside/dark_sky.jpg	1000	667	9288de68359c1a770b03f7ddccdf574013b51823acd545bda1c237cd544444ef				
docs/assets/photos/photos-outside/darkhall.jpg	docs/assets/photos/photos-outside/thumbs/darkhall.jpg	photos/Outside/darkhall.jpg	960	640	4d29cffab7f3b9b4005b119e54a415f64640e2c017ea8f73a4930d5d01f07325	An open-air corridor behind the ivy-covered metal screens, at dusk.	teamwiess.com, 'acapics', 2017 — @wb 20170602224650 http://teamwiess.com/acapics/darkhall.jpg	by 2017	New Wiess (places/new-wiess.md)
docs/assets/photos/photos-outside/darktop-3.jpg	docs/assets/photos/photos-outside/thumbs/darktop-3.jpg	photos/Outside/darktop(3).jpg	1600	1066	d4b382c62810a7f914323a8fa06af7587b2c97d90a7fbdcdd4253971e2097879				
docs/assets/photos/photos-outside/evening.jpg	docs/assets/photos/photos-outside/thumbs/evening.jpg	photos/Outside/evening.jpg	1600	1066	42c28441448ae194e2662c7b7fefb428b2311179d356830f4b7fe15392f182f6				
docs/assets/photos/photos-outside/family-med.jpg	docs/assets/photos/photos-outside/thumbs/family-med.jpg	photos/Outside/family-med.jpg	1500	1000	36664ffdecdce26e8375d6535624e3a894bbaa048910159e3586342301d142ec	TEAM FAMILY WIESS on the Commons windows.	teamwiess.com, 'acapics', by 2019 — @wb 20190928044413 http://teamwiess.com/acapics/family.jpg	by 2019	Team Wiess (traditions/team-wiess.md)
docs/assets/photos/photos-outside/family.jpg	docs/assets/photos/photos-outside/thumbs/family.jpg	photos/Outside/family.jpg	960	640	fbd87e122c5012888b86b124835372f7dac3999d012dea40951582986c53a9c4	TEAM FAMILY WIESS painted across the Commons windows, with 'Welcome' beside it.	teamwiess.com, 'acapics', by 2019 — @wb 20190928044413 http://teamwiess.com/acapics/family.jpg	by 2019	The Commons (places/commons.md)
docs/assets/photos/photos-outside/fourthterrace.jpg	docs/assets/photos/photos-outside/thumbs/fourthterrace.jpg	photos/Outside/fourthterrace.jpg	1600	1066	9d86ed7c969fa8dacb6b5a89d3ca85480d3f38e150b427ff3aaa723b2bf65f9e	The fourth-floor balcony (the Bacaterrace of the 2014–17 books): benches and rail, the playing fields beyond.	TFWKB photo collection; source not recorded	undated	The terraces (places/terraces.md)
docs/assets/photos/photos-outside/hall.jpg	docs/assets/photos/photos-outside/thumbs/hall.jpg	photos/Outside/hall.jpg	698	465	f1f148cb8dcd13a444b18c3943e4eb35063b3bdb21b7f89e5bf62f0f4447cdcb	The corridor outside the suites: doors and windows on one side, the Acabowl on the other.	teamwiess.com, 'New students: rooms', 2017 — @wb 20170714224842 http://teamwiess.com/newstudents/rooms/hall.jpg	by 2017	Rooms and spaces (places/rooms-and-spaces.md)
docs/assets/photos/photos-outside/harris-gully-wild.jpg	docs/assets/photos/photos-outside/thumbs/harris-gully-wild.jpg	photos/Outside/harris_gully_wild.jpeg	602	750	5c5f3f50b72047f0dcd20b88bd082213d103c25ab501c66810286b6d6c2d0577				
docs/assets/photos/photos-outside/pink-1.jpg	docs/assets/photos/photos-outside/thumbs/pink-1.jpg	photos/Outside/pink(1).jpg	960	640	93df859f75efc194372fda8fc60eadbea71e275fa86975fbd6e4bc5b60636243				
docs/assets/photos/photos-outside/pink.jpg	docs/assets/photos/photos-outside/thumbs/pink.jpg	photos/Outside/pink.jpg	960	640	1697a60fece6e25d48f803f1329e362f2fc2291b818e95623ab0d2b1226cc982	The Commons lit up at dusk, seen from the Acabowl.	teamwiess.com, 'acapics', 2017 — @wb 20170602224647 http://teamwiess.com/acapics/pink.jpg	by 2017	New Wiess (places/new-wiess.md)
docs/assets/photos/photos-outside/rescolleges.jpg	docs/assets/photos/photos-outside/thumbs/rescolleges.jpg	photos/Outside/rescolleges.jpg	600	600	d1c6a8b7802fea9b39a54af612f345750fe81d922b1d17c571579ddc7dcdd961	The Commons across the Acabowl lawn and path.	teamwiess.com, 2016 — @wb 20160506224855 http://teamwiess.com/res/rescolleges.jpg	by 2016	New Wiess (places/new-wiess.md)
docs/assets/photos/photos-outside/side.jpg	docs/assets/photos/photos-outside/thumbs/side.jpg	photos/Outside/side.jpg	1500	1000	c479e95dbe249a720b536141ac8a738057fd14ee071d80f8ca71cd58c8874cf8				
docs/assets/photos/photos-outside/snow-1.jpg	docs/assets/photos/photos-outside/thumbs/snow-1.jpg	photos/Outside/snow(1).jpg	1600	1200	d0b93831fb52b212243cc2e628bf26735c517f6c508cf166c64c656aad096b01	Snow on the Acabowl lawn and picnic tables.	teamwiess.com, 'acapics', by February 2018 — @wb 20180223224559 http://teamwiess.com/acapics/snow.jpg	by 2018-02	New Wiess (places/new-wiess.md)
docs/assets/photos/photos-outside/terrace-sky.jpg	docs/assets/photos/photos-outside/thumbs/terrace-sky.jpg	photos/Outside/terrace_sky.jpg	1500	1000	91dd0c91288b1004581c5b4313f79ef7d1b9c47e44f3588d40fcae99809680f0	Sunset over the playing fields from an upper-floor balcony rail, probably the same fourth-floor balcony.	TFWKB photo collection; source not recorded	undated	The terraces (places/terraces.md)
docs/assets/photos/photos-outside/upper.jpg	docs/assets/photos/photos-outside/thumbs/upper.jpg	photos/Outside/upper.jpg	1500	860	ca78cacd64b8b6b296516b1ea1dbc8a77b8457dd93dd46b9c60ae2ae3ff2b181	The glazed upper storey of the Commons at dusk, seen from an upper floor.	TFWKB photo collection; source not recorded	undated	New Wiess (places/new-wiess.md)
docs/assets/photos/photos-outside/wiess-four-square-1991.jpg	docs/assets/photos/photos-outside/thumbs/wiess-four-square-1991.jpg	photos/Outside/wiess four square 1991.jpg	1600	1065	12d6943374e155c3e62a46611f78b7540270320a5069fa6a030323d8474b42be	Four-square on the paved court of the Old Wiess Acabowl, 1991 (date from the file name), balconies behind.	TFWKB photo collection; source not recorded — @handbook-1994	1991	The Acabowl (places/acabowl.md)
docs/assets/photos/photos-outside/wiess-and-west-halls-nov-2-1950-gift-of-pender-turnbull-438.jpg	docs/assets/photos/photos-outside/thumbs/wiess-and-west-halls-nov-2-1950-gift-of-pender-turnbull-438.jpg	photos/Outside/wiess-and-west-halls-nov-2-1950-gift-of-pender-turnbull-438.jpg	1600	1121	d3420392b650daf1e8ace34682469535323ae7adf54a368356984a043f1e958d	Wiess and West Halls from above, 2 November 1950 (date and 'gift of Pender Turnbull' from the file name).	TFWKB photo collection; source not recorded	1950-11-02	Old Wiess (places/old-wiess.md)
docs/assets/photos/photos-outside/wing.jpg	docs/assets/photos/photos-outside/thumbs/wing.jpg	photos/Outside/wing.jpg	1500	1000	230d6bd8205ce41f02163a7c33c438faaec6bf44154e6469593e0010201510f1	A residential wing over the Acabowl at dusk, ivy on its screens, a tower beyond.	TFWKB photo collection; source not recorded	undated	New Wiess (places/new-wiess.md)
docs/assets/photos/photos-inside-rooms/img-2357.jpg	docs/assets/photos/photos-inside-rooms/thumbs/img-2357.jpg	photos/inside/Rooms/IMG_2357.jpg	640	480	9a409fe4a15e141f7ea26b9f896c3fe137fcff8290c42bed264bc973dfe8da7f				
docs/assets/photos/photos-inside-rooms/alcove.jpg	docs/assets/photos/photos-inside-rooms/thumbs/alcove.jpg	photos/inside/Rooms/alcove.jpg	698	465	eafd9743dfa41e98f578c9b14b0727f9067d81140a9fcf17da469fc68418418b	A suite alcove off the corridor, with a bench.	teamwiess.com, 'New students: rooms', 2017 — @wb 20170714224838 http://teamwiess.com/newstudents/rooms/alcove.jpg	by 2017	Rooms and spaces (places/rooms-and-spaces.md)
docs/assets/photos/photos-inside-rooms/bathroom-copy.jpg	docs/assets/photos/photos-inside-rooms/thumbs/bathroom-copy.jpg	photos/inside/Rooms/bathroom copy.jpg	698	465	d28b75e8461015dfa668aac2f6d522b5b9c64d84d783695884d98195132eba12	A suite bathroom: two sinks, a large mirror, the shower.	teamwiess.com, 'New students: rooms', 2017 — @wb 20170714224848 http://teamwiess.com/newstudents/rooms/bathroom.jpg	by 2017	Rooms and spaces (places/rooms-and-spaces.md)
docs/assets/photos/photos-inside-rooms/common-roombw-u6360.jpg	docs/assets/photos/photos-inside-rooms/thumbs/common-roombw-u6360.jpg	photos/inside/Rooms/common roombw-u6360.png	363	273	83799f9151f43ea38fd82c6f423bc3267ae71857dfb91d84381d6beb3fcb4352				
docs/assets/photos/photos-inside-rooms/commonroom.jpg	docs/assets/photos/photos-inside-rooms/thumbs/commonroom.jpg	photos/inside/Rooms/commonroom.png	420	311	c06caac5089edb40d491d088549956b18f766d79dc346c477a0b0fb606c67f8a	An empty suite common room, doors to the two bedrooms.	teamwiess.com, 2016 — @wb 20160506224917 http://teamwiess.com/res/commonroom.png	by 2016	Rooms and spaces (places/rooms-and-spaces.md)
docs/assets/photos/photos-inside-rooms/desks.jpg	docs/assets/photos/photos-inside-rooms/thumbs/desks.jpg	photos/inside/Rooms/desks.jpg	698	465	64bc52b3901534787188c0d975cc9d32c044fcea5d8abf4ab0f8106dcfb4f5fd	Wardrobes and dresser in a bedroom.	teamwiess.com, 'New students: rooms', 2017 — @wb 20170714224844 http://teamwiess.com/newstudents/rooms/desks.jpg	by 2017	Rooms and spaces (places/rooms-and-spaces.md)
docs/assets/photos/photos-inside-rooms/double-2bw-u6365.jpg	docs/assets/photos/photos-inside-rooms/thumbs/double-2bw-u6365.jpg	photos/inside/Rooms/double 2bw-u6365.png	363	273	e0f5c3973cfdcc33254fd66082f2a59c7d0569a23631bfc10549005d2700973c				
docs/assets/photos/photos-inside-rooms/onedesk.jpg	docs/assets/photos/photos-inside-rooms/thumbs/onedesk.jpg	photos/inside/Rooms/onedesk.jpg	698	465	61a310b8b21d0faf28b1ab6014cabee619183db844790ab967f8ad5165629291	Desks under the window.	teamwiess.com, 'New students: rooms', 2017 — @wb 20170714224846 http://teamwiess.com/newstudents/rooms/onedesk.jpg	by 2017	Rooms and spaces (places/rooms-and-spaces.md)
docs/assets/photos/photos-oweek/2771146179-5e6a847fb9-c.jpg	docs/assets/photos/photos-oweek/thumbs/2771146179-5e6a847fb9-c.jpg	photos/oweek/2771146179_5e6a847fb9_c.jpg	533	800	3a8c93c49a96a182b2a1a0d60c8b85878c70258ecf4b23d396d543b1b493400a	O-Week, late 2000s: skateboarding in a goldenrod shirt.	Flickr; photographer not recorded	c.2008	O-Week (traditions/o-week.md)
docs/assets/photos/photos-oweek/2771950998-1fd704d707-c.jpg	docs/assets/photos/photos-oweek/thumbs/2771950998-1fd704d707-c.jpg	photos/oweek/2771950998_1fd704d707_c.jpg	800	533	f7ac0fabf61a0929156283fa9c4c14b95e4845a14ee8485ba3eab11eccfdaf6c	O-Week, late 2000s: goldenrod shirts at a run.	Flickr; photographer not recorded	c.2008	O-Week (traditions/o-week.md)
docs/assets/photos/photos-oweek/2771989234-70da638bbe-c.jpg	docs/assets/photos/photos-oweek/thumbs/2771989234-70da638bbe-c.jpg	photos/oweek/2771989234_70da638bbe_c.jpg	800	533	22b15e122483dad43005f0a412dfb9a3840d836c87e25e72bddd6eccc9743d51	O-Week, late 2000s: on the slip-and-slide.	Flickr; photographer not recorded	c.2008	O-Week (traditions/o-week.md)
docs/assets/photos/photos-people/01.jpg	docs/assets/photos/photos-people/thumbs/01.jpg	photos/people/01.jpg	640	480	b2086e3f5ec6d65ca4da4ae2c55e9d56b6516dc83aa5d360714e47e09368d192				
docs/assets/photos/photos-people/07.jpg	docs/assets/photos/photos-people/thumbs/07.jpg	photos/people/07.jpg	640	425	d8ca99729576aa3e759e45efda885de3bb748384edb6a6a0c4ccae0b22948f20				
docs/assets/photos/photos-people/09.jpg	docs/assets/photos/photos-people/thumbs/09.jpg	photos/people/09.jpg	640	425	fd6533a31ccf1719f12a0610a2f4eadd9968174c0dee91e4acf555f9017e7818				
docs/assets/photos/photos-people/1-1.jpg	docs/assets/photos/photos-people/thumbs/1-1.jpg	photos/people/1(1).jpg	1600	1066	5b3332a17048bbbe278fe0b13692909b088a0d63ae055086e7c8905deb5311a4				
docs/assets/photos/photos-people/1077215-298731356946728-716485738-o537x357-4.jpg	docs/assets/photos/photos-people/thumbs/1077215-298731356946728-716485738-o537x357-4.jpg	photos/people/1077215_298731356946728_716485738_o537x357(4).jpg	537	357	78f9362e8cccd12fde45857539c252eea87859cc5f225fdd4895c60d8208f4a5				
docs/assets/photos/photos-people/11.jpg	docs/assets/photos/photos-people/thumbs/11.jpg	photos/people/11.jpg	960	639	71723e82fc0fcc8827360541adf0aff583f2bd2ae763bac7223e702df004163f				
docs/assets/photos/photos-people/13.jpg	docs/assets/photos/photos-people/thumbs/13.jpg	photos/people/13.jpg	960	639	e29434b7c9bf641bd264ea4a92028c832e51a361c8f60bab55e775f82cf7c1ba				
docs/assets/photos/photos-people/15.jpg	docs/assets/photos/photos-people/thumbs/15.jpg	photos/people/15.jpg	960	637	2efdb3193f8278b2eb74b245730ce349ac8f42ddc8047db294519cbb367623c0				
docs/assets/photos/photos-people/16-2.jpg	docs/assets/photos/photos-people/thumbs/16-2.jpg	photos/people/16(2).jpg	960	637	0e87fb9930157839618e77ee5aae9774ad4e6239abcd2bb8ae10a045eeab8fae				
docs/assets/photos/photos-people/17.jpg	docs/assets/photos/photos-people/thumbs/17.jpg	photos/people/17.jpg	960	637	85400cfa04697dffaa0786c83324a4bfb049e638f339572616215ac210bc258c				
docs/assets/photos/photos-people/2.jpg	docs/assets/photos/photos-people/thumbs/2.jpg	photos/people/2.jpg	960	639	5db5760f94e35c1cfa988c8ac56af58fc2a9a8d6136b743d038fd7231602a56c				
docs/assets/photos/photos-people/22.jpg	docs/assets/photos/photos-people/thumbs/22.jpg	photos/people/22.jpg	640	425	e924d4fd728284c0d2dd6ae6ddb325437879d6d6847404c9a79530b8fd0381eb				
docs/assets/photos/photos-people/24.jpg	docs/assets/photos/photos-people/thumbs/24.jpg	photos/people/24.jpg	640	425	f4edd663ad33df2a513350b86a85913254cc9ba89eda1750f344e17298f14171				
docs/assets/photos/photos-people/4.jpg	docs/assets/photos/photos-people/thumbs/4.jpg	photos/people/4.jpg	960	637	f72003ceb6b8ab59bb67c99e8d8b121830b3bf05bc0a0cf6566227cd014dc68a				
docs/assets/photos/photos-people/506-0607.jpg	docs/assets/photos/photos-people/thumbs/506-0607.jpg	photos/people/506_0607.jpg	640	425	6d6389710664bac11c4897758779e9b4032413b0700c99bc92eb9d865f9cffd2				
docs/assets/photos/photos-people/507-0709.jpg	docs/assets/photos/photos-people/thumbs/507-0709.jpg	photos/people/507_0709.jpg	425	640	f3b8cef09075143705b93c46e5c7a9d502c069b060f05e18c5746f12d4b15435				
docs/assets/photos/photos-people/507-0710.jpg	docs/assets/photos/photos-people/thumbs/507-0710.jpg	photos/people/507_0710.jpg	425	640	1097bde661836628418c5caa79c468674559c6a645ee36354b470684d07aac2e				
docs/assets/photos/photos-people/507-0765.jpg	docs/assets/photos/photos-people/thumbs/507-0765.jpg	photos/people/507_0765.jpg	640	425	4a1538bc191aacbaaa03dfaef6cb82373e1820113db17f9ab4ff6706dd0712a0				
docs/assets/photos/photos-people/6.jpg	docs/assets/photos/photos-people/thumbs/6.jpg	photos/people/6.jpg	960	760	a924e84a665f290440a0be5237d58bdf8a96128634f0dfcf3b6cf3eaa664fe98				
docs/assets/photos/photos-people/9.jpg	docs/assets/photos/photos-people/thumbs/9.jpg	photos/people/9.jpg	960	640	49c6e58fb8d2acfb70109a9783665d5980bae12fb5216f778a5acd5559ee36f8				
docs/assets/photos/photos-people/benmarcela.jpg	docs/assets/photos/photos-people/thumbs/benmarcela.jpg	photos/people/BenMarcela.png	681	681	f5aaf39e0e7eb667737b3339b184ce96b56b6f43241cc6da6ae35df8e8b50879				
docs/assets/photos/photos-people/heb.jpg	docs/assets/photos/photos-people/thumbs/heb.jpg	photos/people/HEB.png	941	624	282a1fb25b8be1b9a81e333cce96b8ac6eb0f3275649b25a04aff98feff3012a				
docs/assets/photos/photos-people/imgp6108.jpg	docs/assets/photos/photos-people/thumbs/imgp6108.jpg	photos/people/IMGP6108.jpg	640	427	41f6b08d5b11823c00609b2d13a1791970997f7c67a101e2c5cff06bf34623e8				
docs/assets/photos/photos-people/imgp6116.jpg	docs/assets/photos/photos-people/thumbs/imgp6116.jpg	photos/people/IMGP6116.jpg	427	640	65d14420677a7b616966795bf5e0dce0dc24525ab2162900e927f5eb56322758				
docs/assets/photos/photos-people/imgp6118.jpg	docs/assets/photos/photos-people/thumbs/imgp6118.jpg	photos/people/IMGP6118.jpg	427	640	a2eedbb316aea06395b50f7721b4f7db56c9ae4807d906deeaea95f8a94c2546				
docs/assets/photos/photos-people/imgp6186.jpg	docs/assets/photos/photos-people/thumbs/imgp6186.jpg	photos/people/IMGP6186.jpg	640	427	01c1f480c35aba11ebc8a274706110aca12d8874a62ab2eaf3087b29a0cd20cb				
docs/assets/photos/photos-people/imgp6289.jpg	docs/assets/photos/photos-people/thumbs/imgp6289.jpg	photos/people/IMGP6289.jpg	640	427	c36a72fe5eff322bf23fdc209246f9b762407c3989e795b5ab027a78a2bd6c8a				
docs/assets/photos/photos-people/img-1718.jpg	docs/assets/photos/photos-people/thumbs/img-1718.jpg	photos/people/IMG_1718.jpg	640	480	63fa85ce5963bbe91d81622695fa145492b835f5b8098b1bd5e21d093c1a0a5d				
docs/assets/photos/photos-people/img-1812.jpg	docs/assets/photos/photos-people/thumbs/img-1812.jpg	photos/people/IMG_1812.jpg	640	480	da0ad3317200248dc770c06b0e1cc57b9f256ea28a1df0f872f5109834f4806c				
docs/assets/photos/photos-people/img-2221.jpg	docs/assets/photos/photos-people/thumbs/img-2221.jpg	photos/people/IMG_2221.jpg	640	480	43009d17b57b0858e0199ba003a7cd2dc2904efbfdc27e078435c3192095fadb				
docs/assets/photos/photos-people/img-2309.jpg	docs/assets/photos/photos-people/thumbs/img-2309.jpg	photos/people/IMG_2309.jpg	640	480	a5045722b7dd6e41e95165f0e8abf023c1e33fe155dae39396171e592c5de6dd				
docs/assets/photos/photos-people/paas.jpg	docs/assets/photos/photos-people/thumbs/paas.jpg	photos/people/PAAs.png	874	581	6c483a0c81bad2b8e51c2765a54c1943a333525d0e25a562e83b52cc015ced74				
docs/assets/photos/photos-people/piggy-azalea-1.jpg	docs/assets/photos/photos-people/thumbs/piggy-azalea-1.jpg	photos/people/Piggy Azalea-1.jpg	1600	1067	40397968d7475191b3b260630057d804e2d383d396c3c7501db703cb0c9f4f50				
docs/assets/photos/photos-people/ptero.jpg	docs/assets/photos/photos-people/thumbs/ptero.jpg	photos/people/Ptero.png	1600	845	861e43c24115e524660a206558790c072d2d4e682bee3e529558ece66e79e955				
docs/assets/photos/photos-people/shrimpfriedwiess.jpg	docs/assets/photos/photos-people/thumbs/shrimpfriedwiess.jpg	photos/people/ShrimpFriedWiess.jpg	1600	1067	a40ee89aaa3d579e332186f65a84544a5c29fcea69fb38effbd79b38021fcc09				
docs/assets/photos/photos-people/andrew-kara-6.jpg	docs/assets/photos/photos-people/thumbs/andrew-kara-6.jpg	photos/people/andrewkara(6).jpg	344	229	95f06f25770d331f226388d3bc20fdb6f3df258e07b3f497c564cc943e8a779c				
docs/assets/photos/photos-people/angela-charles.jpg	docs/assets/photos/photos-people/thumbs/angela-charles.jpg	photos/people/angela-charles.jpg	640	640	d00546cb20401700ca067d967f3b0fe7a7435f1833952ae56b926708c81b645e				
docs/assets/photos/photos-people/arbizu-1.jpg	docs/assets/photos/photos-people/thumbs/arbizu-1.jpg	photos/people/arbizu(1).png	300	300	7626a4187dc76254301d84707cc1652cc7880bfef82a8eff2f00390d11f11a66				
docs/assets/photos/photos-people/ariel-martin-u6568-1.jpg	docs/assets/photos/photos-people/thumbs/ariel-martin-u6568-1.jpg	photos/people/arielmartin-u6568(1).png	316	212	74a5e30c7b3c99837bf6ff36e74e1bdd4c131c6f3098f3c7eddfddaa3fcb67a4				
docs/assets/photos/photos-people/arnold-5.jpg	docs/assets/photos/photos-people/thumbs/arnold-5.jpg	photos/people/arnold(5).png	300	300	357abb4d2078353f1f70b5fc5e93b9b135665209db60285cf636313ade560b94				
docs/assets/photos/photos-people/ashley.jpg	docs/assets/photos/photos-people/thumbs/ashley.jpg	photos/people/ashley.png	1600	733	f74a7368fcff23111304b2fca991d10df39da14e381289fb23d90ba39fd48421				
docs/assets/photos/photos-people/associates.jpg	docs/assets/photos/photos-people/thumbs/associates.jpg	photos/people/associates.jpg	540	540	ebea0881849835e06fd826be93045f37089a5c275bbd1151b9434ffd9e2def77				
docs/assets/photos/photos-people/bacayardagains-2.jpg	docs/assets/photos/photos-people/thumbs/bacayardagains-2.jpg	photos/people/bacayardagains(2).jpg	1600	1067	dcec38f1b03c76cfc1065f42a91473a559f2e77e547d81cba6aab8ccef81b073				
docs/assets/photos/photos-people/baker13defense.jpg	docs/assets/photos/photos-people/thumbs/baker13defense.jpg	photos/people/baker13defense.jpg	1210	1210	5a619be90a390129f1a390a263d472d5fb6f1472a8673843b4e85c9909547175	The Baker 13 Defense Force representatives' photograph: suits, sunglasses and a water gun.	teamwiess.com, representatives, 2017 — @wb 20170421224913 http://teamwiess.com/profiles/reps/baker13defense.jpg	2017	Baker 13 Defense Force (traditions/baker-13-defense-force.md)
docs/assets/photos/photos-people/beer-bike-low.jpg	docs/assets/photos/photos-people/thumbs/beer-bike-low.jpg	photos/people/beer-bike-low.jpg	1600	1066	17ce9cd464d8d6249ba78dcbc56b3f714de81faa0fe0da0f2c6dd87aeab1c35f	Wiess at Beer Bike in that year's maroon team shirts, faces painted, under the live oaks.	teamwiess.com, by January 2023 — @wb 20230114010426 http://teamwiess.com/images/beer-bike-low.jpg	by 2023	Beer Bike (traditions/beer-bike.md)
docs/assets/photos/photos-people/ben-selena-u6625.jpg	docs/assets/photos/photos-people/thumbs/ben-selena-u6625.jpg	photos/people/benselena-u6625.png	316	212	88f5c0c81ba2c0db7445b7268abfe2ce2adfed0419b7684cfd2128bc43e68e48				
docs/assets/photos/photos-people/bigbooty.jpg	docs/assets/photos/photos-people/thumbs/bigbooty.jpg	photos/people/bigbooty.png	1600	844	ed8f0b595b4a7e6b190fa90765d6423c3160959724d7f195ae45c2d40ce3dc4d				
docs/assets/photos/photos-people/birds-of-parawiess-5.jpg	docs/assets/photos/photos-people/thumbs/birds-of-parawiess-5.jpg	photos/people/birds of parawiess-5.jpg	1600	1067	1e9c0f3c3db43f12089c47f61f6d5c3860c529eab48b8cc2ae635392c8e396cf				
docs/assets/photos/photos-people/blaque-greg-u6571.jpg	docs/assets/photos/photos-people/thumbs/blaque-greg-u6571.jpg	photos/people/blaquegreg-u6571.png	316	212	476e915600363913a1d1833b91de87edc69679a3cea6847a5b7af5f407be12d6				
docs/assets/photos/photos-people/brooke-renzo.jpg	docs/assets/photos/photos-people/thumbs/brooke-renzo.jpg	photos/people/brooke-renzo.jpeg	192	192	29fe0cd2ae2ff56c205ec4d948d4e77829c4aef8f4080cfa81ed2220a4470b6f				
docs/assets/photos/photos-people/byrd-1.jpg	docs/assets/photos/photos-people/thumbs/byrd-1.jpg	photos/people/byrd(1).png	666	408	2176bad4b7c077f08835e2d427486eb606c066ef0be2b9ed8c69a6d8922f75f8				
docs/assets/photos/photos-people/byrd.jpg	docs/assets/photos/photos-people/thumbs/byrd.jpg	photos/people/byrd.png	281	211	9673afec2d38d10cc76b9ec4bda17d6d9b04f0361fb6ff9b0e719cee1d1c63b3	Alexander and Jeanette Byrd (Magisters 2011–2016) with their family.	teamwiess.com, 2016 — @wb 20160506224920 http://teamwiess.com/res/byrd.png	by 2016	Core Team (people/core-team.md)
docs/assets/photos/photos-people/carissa-nick.jpg	docs/assets/photos/photos-people/thumbs/carissa-nick.jpg	photos/people/carissa-nick.jpg	1422	1422	896b2b3cde7d4fbbb6cfc52c5d4c1a819f55002e19e0e8dd22f21d5189f99e11	Carissa Zimmerman and Nick Espinosa (RAs from 2018).	teamwiess.com, 2020 — @wb 20200529230221 http://teamwiess.com/images/carissa-nick.jpg	by 2020	Core Team (people/core-team.md)
docs/assets/photos/photos-people/chatfield-1.jpg	docs/assets/photos/photos-people/thumbs/chatfield-1.jpg	photos/people/chatfield(1).png	250	250	ccff67277159cc6cd6e8815c6dddb6a678a9fd377134e4c82d47d5fe8aaf490d				
docs/assets/photos/photos-people/chloe-vinay-u6574.jpg	docs/assets/photos/photos-people/thumbs/chloe-vinay-u6574.jpg	photos/people/chloevinay-u6574.png	316	212	768da931472fdc4450640d01b6b8b8d8998c496864f344fb53e30c39e340c835				
docs/assets/photos/photos-people/chocchoc.jpg	docs/assets/photos/photos-people/thumbs/chocchoc.jpg	photos/people/chocchoc.png	1600	857	b27d16478b501c1779b0d7b91d3aae830d1126baed18dcbd61e160e9d691a36c				
docs/assets/photos/photos-people/christina-michael.jpg	docs/assets/photos/photos-people/thumbs/christina-michael.jpg	photos/people/christina-michael.jpeg	320	320	ebc02977a3eab1b05470ed51cf4ede0f684ae7001c329c11d0b8033f715cdaf5				
docs/assets/photos/photos-people/college-coordinator-u1965-1.jpg	docs/assets/photos/photos-people/thumbs/college-coordinator-u1965-1.jpg	photos/people/college coordinator-u1965(1).png	192	284	706b0ffebce2311962663dc26b3a185cafe8bd42cf53ea3a7abce0972038f24b				
docs/assets/photos/photos-people/color-war.jpg	docs/assets/photos/photos-people/thumbs/color-war.jpg	photos/people/color-war.jpg	940	587	74f6f8766c311d43d808a72dbab672c4b4b2f9d4def920a7d224e0d0ae33c2cd				
docs/assets/photos/photos-people/coords.jpg	docs/assets/photos/photos-people/thumbs/coords.jpg	photos/people/coords.jpg	864	576	420ddb4f85425950b632c893c3193ccac75c9592cecbbebf91640b03e6d42954	The 2021 O-Week coordinators ('coords' in the file name) in front of Lovett Hall, in YEAH WIESS shirts.	teamwiess.com, O-Week 2021 — @wb 20210619003837 http://teamwiess.com/images/oweek2021/coords.jpg	2021	O-Week (traditions/o-week.md)
docs/assets/photos/photos-people/daa.jpg	docs/assets/photos/photos-people/thumbs/daa.jpg	photos/people/daa.jpg	1600	1067	daad363449c10026a9e30e1ae6c8799ccf9963bf27307b1e061086a4fc857d60	Jumping over the letters T F W, for the new students' pages.	teamwiess.com, new students, 2019 — @wb 20190802225456 http://teamwiess.com/newstudents/thumbnails/daa.jpg	by 2019	Team Wiess (traditions/team-wiess.md)
docs/assets/photos/photos-people/diana-mb.jpg	docs/assets/photos/photos-people/thumbs/diana-mb.jpg	photos/people/diana-mb.jpg	452	452	4f82e29f8a34d644fd139717c508a288a200c5c737b6fb93dd08618c4d4c69d2				
docs/assets/photos/photos-people/dpj.jpg	docs/assets/photos/photos-people/thumbs/dpj.jpg	photos/people/dpj.jpg	1600	1067	6ba513ad91dfc3d4fce536fcadf3af47da6fdb9ad3ef93a77e517ea98ce97c57				
docs/assets/photos/photos-people/drivers-wiessence.jpg	docs/assets/photos/photos-people/thumbs/drivers-wiessence.jpg	photos/people/drivers-wiessence.jpg	1600	1067	a4993f483c4c003f765d2fae0a40562381277660065f655eeee61ee372d16ed7				
docs/assets/photos/photos-people/efg-2.jpg	docs/assets/photos/photos-people/thumbs/efg-2.jpg	photos/people/efg(2).jpg	1600	1067	826ffe72cf44eac366da7043dc18bcce8936058544481dd7f5388f92feb8f35d				
docs/assets/photos/photos-people/emilie.jpg	docs/assets/photos/photos-people/thumbs/emilie.jpg	photos/people/emilie.png	583	440	5c50c4d877f0e07bc64dc4193761d864b953863c0f48554c21e87c4a823dbbf9	Dr. Emilie Ringe (RA 2014–2017).	teamwiess.com, 2016 — @wb 20160506224923 http://teamwiess.com/res/emilie.png	by 2016	Core Team (people/core-team.md)
docs/assets/photos/photos-people/ewart.jpg	docs/assets/photos/photos-people/thumbs/ewart.jpg	photos/people/ewart.jpg	240	240	e71b87e5cb9d13694056f30e02cfc01adadfaf52ec53ca8535ae60ef6e1680d4				
docs/assets/photos/photos-people/ewart-2.jpg	docs/assets/photos/photos-people/thumbs/ewart-2.jpg	photos/people/ewart.png	582	424	6a884293cb0a743724309b7e3810d640a4116748b398b166f92830f294053802	Ewart G. Jones, Jr. (College Coordinator 2013–2023).	teamwiess.com, 2016 — @wb 20160506224925 http://teamwiess.com/res/ewart.png	by 2016	Core Team (people/core-team.md)
docs/assets/photos/photos-people/flavio-fabiana.jpg	docs/assets/photos/photos-people/thumbs/flavio-fabiana.jpg	photos/people/flavio-fabiana.jpeg	450	493	583d622addda4158c6cf32fe1fce26d2f8e04c9c9f832f73a581f174503767bb	Flavio Cunha and Fabiana Santos (Magisters from 2021).	teamwiess.com, 2021 — @wb 20210813231053 http://teamwiess.com/images/ateam/flavio-fabiana.jpeg	by 2021	Core Team (people/core-team.md)
docs/assets/photos/photos-people/gophers-u6619.jpg	docs/assets/photos/photos-people/thumbs/gophers-u6619.jpg	photos/people/gophers-u6619.png	316	212	1e18028e5d3835555118af383e2cb24f5c7c94a6982ac909ce478b6f8c6a7459				
docs/assets/photos/photos-people/grant-ani.jpg	docs/assets/photos/photos-people/thumbs/grant-ani.jpg	photos/people/grant-ani.png	350	321	a2618fc122de7897e41325b0e89c7de5a3b976f65348f88cad920cc5bbb95384				
docs/assets/photos/photos-people/greentruck.jpg	docs/assets/photos/photos-people/thumbs/greentruck.jpg	photos/people/greentruck.png	1600	844	14cfb5abaed9be77dab5e0f3028efc2414d5b11b4aef2aff26f7ac724268d422				
docs/assets/photos/photos-people/hawabarakat-2.jpg	docs/assets/photos/photos-people/thumbs/hawabarakat-2.jpg	photos/people/hawabarakat(2).jpg	1139	720	2477e87badcdcbb78fd98442edfb7ac415c29c7023658f634740ee969ef901c6				
docs/assets/photos/photos-people/head-fellows-1.jpg	docs/assets/photos/photos-people/thumbs/head-fellows-1.jpg	photos/people/head-fellows(1).jpg	1600	1067	462eecab7a9c5eae8e143b76f5d77c9afef9fb7d18c54b84a4625f4413fa7e2b				
docs/assets/photos/photos-people/hudlow.jpg	docs/assets/photos/photos-people/thumbs/hudlow.jpg	photos/people/hudlow.png	250	250	31dee84e2d56b035da8698e2d04e4a3e121b4f4d489ca9a757859e45df00216e	Doward and Christie Hudlow (RAs 2002–2008), from the Associates page.	teamwiess.com, Associates, 2021 — @wb 20210806235826 http://teamwiess.com/images/associates/hudlow.png	by 2021	Core Team (people/core-team.md)
docs/assets/photos/photos-people/hugo-tanak.jpg	docs/assets/photos/photos-people/thumbs/hugo-tanak.jpg	photos/people/hugo-tanak.jpg	640	640	3f9c8fddd426e9116fd692f59e8d8386420ebe145fa4f7c957560bc2d926c4a7				
docs/assets/photos/photos-people/image3.jpg	docs/assets/photos/photos-people/thumbs/image3.jpg	photos/people/image3.png	800	188	0a7f2c8b00c3d918a819d9f3e2450fbc14374864d46586ab70da859bb31bbee4				
docs/assets/photos/photos-people/image4.jpg	docs/assets/photos/photos-people/thumbs/image4.jpg	photos/people/image4.png	800	188	9f4f413b9d6088492230591389eaa6fc1287d6dbc473f4557efe62e9745797be				
docs/assets/photos/photos-people/image5.jpg	docs/assets/photos/photos-people/thumbs/image5.jpg	photos/people/image5.png	800	188	0153106bd0e449e1289d3b99dcfc969190b7d0c60c36c8ab9747ce4f527187dc				
docs/assets/photos/photos-people/image6.jpg	docs/assets/photos/photos-people/thumbs/image6.jpg	photos/people/image6.png	800	188	f1540222578e3a5ff316e1552c7483920d4afd5e4294db606426ed83a56393fc				
docs/assets/photos/photos-people/jcs.jpg	docs/assets/photos/photos-people/thumbs/jcs.jpg	photos/people/jcs.jpg	1600	1067	b45dbc417c1dc205f2cced780b34b18b91b9ee6810b9811a65f96d6284ab8895				
docs/assets/photos/photos-people/jka-1.jpg	docs/assets/photos/photos-people/thumbs/jka-1.jpg	photos/people/jka(1).jpg	1600	1067	1f828f4575f26ac9bce335423daca640b5fbec92f4fa70299a936d9bdd90e109				
docs/assets/photos/photos-people/jve.jpg	docs/assets/photos/photos-people/thumbs/jve.jpg	photos/people/jve.jpg	1600	1067	a88d1c2f96e0b74bee053eefd1f0fecb268bd4d794b6cacdd10e9775d66fedf0				
docs/assets/photos/photos-people/karm-ben.jpg	docs/assets/photos/photos-people/thumbs/karm-ben.jpg	photos/people/karm-ben.JPG	300	300	298283b6d42ef3d660a1a3ca4e173dede87972fd64cf81b896ec53a13c9f0df4				
docs/assets/photos/photos-people/kod.jpg	docs/assets/photos/photos-people/thumbs/kod.jpg	photos/people/kod.jpg	1600	1067	b42c9f28e37a64fd07683c66e8e9d89ad8049c07a75ec8b8a096d5faeaed095d				
docs/assets/photos/photos-people/lollipop.jpg	docs/assets/photos/photos-people/thumbs/lollipop.jpg	photos/people/lollipop.png	1600	839	7fc05f183e3c6cdb707036518e78dede1ab4deb43d75a48ba251c9c91c9b8db4				
docs/assets/photos/photos-people/maddy-michael-u6577.jpg	docs/assets/photos/photos-people/thumbs/maddy-michael-u6577.jpg	photos/people/maddymichael-u6577.png	316	212	102bc68fa791bfdda8239004ae3f60b558b234e83810c1a94fb3b72d3409d067				
docs/assets/photos/photos-people/masters-3.jpg	docs/assets/photos/photos-people/thumbs/masters-3.jpg	photos/people/masters(3).png	493	504	21acbcf30854fcc103111426375cbd03b72e18d068c2d1644317d2a23b5b3c4a				
docs/assets/photos/photos-people/masters2-1.jpg	docs/assets/photos/photos-people/thumbs/masters2-1.jpg	photos/people/masters2(1).jpg	500	375	85747ddfb4851befbdbc26af9a5e69fdddc6bad65ebaef674e035624a4dfb385	Mike Gustin and Denise Klein (Magisters 2006–2011), on the 2008 website.	teamwiess.com, 2008 — @wb 20080709214750 http://teamwiess.com/images/people/masters2.jpg	by 2008	Core Team (people/core-team.md)
docs/assets/photos/photos-people/masters3-2.jpg	docs/assets/photos/photos-people/thumbs/masters3-2.jpg	photos/people/masters3(2).jpg	604	453	43863cc7be7bc8e330076bc8b823c7613750aff0183ba6ed7fda42c7f4eb8334				
docs/assets/photos/photos-people/melanie-jake-u6580.jpg	docs/assets/photos/photos-people/thumbs/melanie-jake-u6580.jpg	photos/people/melaniejake-u6580.png	316	212	b07c476889d94dcfddb5498d2b425491412d734fb04f1d65cca3f8704ba2fce0				
docs/assets/photos/photos-people/michael.jpg	docs/assets/photos/photos-people/thumbs/michael.jpg	photos/people/michael.png	1568	864	a53bccaf1c611683d146ecd05e2e846da8ffa44a1eac5db16ea821d69ca63c9f				
docs/assets/photos/photos-people/mikail-michelle-u6583.jpg	docs/assets/photos/photos-people/thumbs/mikail-michelle-u6583.jpg	photos/people/mikailmichelle-u6583.png	316	212	63837334543679c50baa87fde9d3f16d558c8b23954e36e37ba96df97b759ddc				
docs/assets/photos/photos-people/mission.jpg	docs/assets/photos/photos-people/thumbs/mission.jpg	photos/people/mission.png	1600	840	f10d1cf21a435a48a2306bd73386e5599c32500aed045b05883aa407358d5717				
docs/assets/photos/photos-people/olympigs.jpg	docs/assets/photos/photos-people/thumbs/olympigs.jpg	photos/people/olympigs.jpg	1600	1067	b0819329cb660de143880cb8316ca9d9b71482c8e397dd21d87d029c4aef4f64				
docs/assets/photos/photos-people/oweek-advisors-low.jpg	docs/assets/photos/photos-people/thumbs/oweek-advisors-low.jpg	photos/people/oweek-advisors-low.jpg	1600	1066	6a0e7753c6cd6a4fd0f566500aa31df00f0dbdceffe2a202923b0feb3206f558				
docs/assets/photos/photos-people/oweek2017.jpg	docs/assets/photos/photos-people/thumbs/oweek2017.jpg	photos/people/oweek2017.png	1600	886	fee0fa7fb992d215d1380f6e519dc8e751167df98b5d373b95f37e3f4c4c6889				
docs/assets/photos/photos-people/p1030757-u4070.jpg	docs/assets/photos/photos-people/thumbs/p1030757-u4070.jpg	photos/people/p1030757-u4070.png	204	271	259b9908c1b9420a494a7b9ea8de0f79cae4fddbb1f09129ea31d1dada451c64				
docs/assets/photos/photos-people/paa-s-u6628.jpg	docs/assets/photos/photos-people/thumbs/paa-s-u6628.jpg	photos/people/paa-s-u6628.png	316	212	415ccdb37b453364d6db0a71180920b65000b54df9d9e424ec8fb5aac5fbc088				
docs/assets/photos/photos-people/paas-2.jpg	docs/assets/photos/photos-people/thumbs/paas-2.jpg	photos/people/paas.JPG	1600	1067	7d43dfed2f5c23ace1a9d9da39bf88964e768b5ec1b544526fe74965478f3e88				
docs/assets/photos/photos-people/parawiess.jpg	docs/assets/photos/photos-people/thumbs/parawiess.jpg	photos/people/parawiess.jpg	864	562	5ad24266318e517a591c9be15bdc7ef1c0f3b58b0197ba62d6b4aa01db5d6449				
docs/assets/photos/photos-people/pennywiess.jpg	docs/assets/photos/photos-people/thumbs/pennywiess.jpg	photos/people/pennywiess.jpg	1600	1067	7fae484037d3b86e49494bf6bcce432582d0cd2217617d87a614d3385365940a				
docs/assets/photos/photos-people/peppa-warpig.jpg	docs/assets/photos/photos-people/thumbs/peppa-warpig.jpg	photos/people/peppa warpig.jpg	1037	691	c619075d0f7119efae4a219655586f97114bf6dbb67b4e3763b25ab23d86e021				
docs/assets/photos/photos-people/pig-time-rush.jpg	docs/assets/photos/photos-people/thumbs/pig-time-rush.jpg	photos/people/pig-time-rush.JPG	1600	1067	02052dc94da926792152b4f796c00b97ac45c50b1ec29291e8c822b5654a8978				
docs/assets/photos/photos-people/pigbull-2.jpg	docs/assets/photos/photos-people/thumbs/pigbull-2.jpg	photos/people/pigbull(2).jpg	1600	1067	29557f41b2a75128ef5bc44d4be474d32b385a3dff7a691e50aa7c8a2846337e				
docs/assets/photos/photos-people/pigcasso.jpg	docs/assets/photos/photos-people/thumbs/pigcasso.jpg	photos/people/pigcasso.jpeg	1600	1066	667f81d9bc78dffce5fdde62c993b35295c2f1a23b3a4fd197eff4d7f59f3412				
docs/assets/photos/photos-people/pigemon.jpg	docs/assets/photos/photos-people/thumbs/pigemon.jpg	photos/people/pigemon.png	1600	1066	21127b1e61179df434702873c7cbb7ecb7d35603336158d2b897a946d25375f1				
docs/assets/photos/photos-people/pigsheadsmall.jpg	docs/assets/photos/photos-people/thumbs/pigsheadsmall.jpg	photos/people/pigsheadsmall.gif	526	534	b15189a2b8196f4f1edf1d24a4b0577e026f9a771838b372fed85bb385ac7790				
docs/assets/photos/photos-people/president.jpg	docs/assets/photos/photos-people/thumbs/president.jpg	photos/people/president.jpg	1364	1365	a003073d01b65de1b124539b0e8d9c7bda92afdbcd596d1033cd9e2e9c60921d				
docs/assets/photos/photos-people/ramos.jpg	docs/assets/photos/photos-people/thumbs/ramos.jpg	photos/people/ramos.png	275	275	9aad1e81658fea16b10f753a72b9d7834227b701156af7e395e46594b43e9e35				
docs/assets/photos/photos-people/raw.jpg	docs/assets/photos/photos-people/thumbs/raw.jpg	photos/people/raw.jpg	1600	1067	c8e62e28808f341e8c535fc5bfdc054c99e034f1d51182d4a5170417bd8b4699				
docs/assets/photos/photos-people/renata-and-lenin-gavin235x156-1.jpg	docs/assets/photos/photos-people/thumbs/renata-and-lenin-gavin235x156-1.jpg	photos/people/renata and lenin gavin235x156(1).jpg	234	156	9b7dcbbe223c31508bfb7ed29231add27434f71f0b21c4787f7cdd23ba73d8a8	Renata Ramos and Lenin Terrazas (RAs 2011–2018) with their son.	teamwiess.com; capture not identified	2011–18	Core Team (people/core-team.md)
docs/assets/photos/photos-people/ryan-judy-2.jpg	docs/assets/photos/photos-people/thumbs/ryan-judy-2.jpg	photos/people/ryanjudy(2).jpg	336	224	f852c2432802cecc6d55e09a931407441ac53d8e7a329b4265cdb153e9ea73b3				
docs/assets/photos/photos-people/ryan-victoria-2-crop-u6556-1.jpg	docs/assets/photos/photos-people/thumbs/ryan-victoria-2-crop-u6556-1.jpg	photos/people/ryanvictoria 2-crop-u6556(1).png	313	208	cf855b7a0c622c7f2daeba07881585f1d78440d997b3a9ff440f12fba437e700				
docs/assets/photos/photos-people/ryan-victoria-8-u6385.jpg	docs/assets/photos/photos-people/thumbs/ryan-victoria-8-u6385.jpg	photos/people/ryanvictoria 8-u6385.png	472	312	552c78fa85be9244fd8cd2ddb44867b4d0ff71f794fcd8704d50001625e72cc1				
docs/assets/photos/photos-people/sarah-tim-eli.jpg	docs/assets/photos/photos-people/thumbs/sarah-tim-eli.jpg	photos/people/sarah_tim_eli.png	1600	776	8403f01adb968426d7f619e405df255967fc03c380a1e9cfa1cc8fc477cb74b2				
docs/assets/photos/photos-people/schaefer-p-1080.jpg	docs/assets/photos/photos-people/thumbs/schaefer-p-1080.jpg	photos/people/schaefer-p-1080.jpeg	1080	1080	082261a0d4d55caf5810e3a6c6aaad66af0197557a14dc33a2033ac559be9b95				
docs/assets/photos/photos-people/schaefers-2.jpg	docs/assets/photos/photos-people/thumbs/schaefers-2.jpg	photos/people/schaefers(2).jpg	1600	1068	d47d0ae34332ad472a37e7d898e1e6ed1e059f48a628e9f5cc49d38fc6e77c39	Drs. Andrew and Laura Schaefer (Magisters 2016–2021) with their family.	teamwiess.com, 2016 — @wb 20160527224834 http://teamwiess.com/res/schaefers.jpg	by 2016	Core Team (people/core-team.md)
docs/assets/photos/photos-people/scl.jpg	docs/assets/photos/photos-people/thumbs/scl.jpg	photos/people/scl.jpg	1600	1067	90c65e4fa0a53b50d7ca6eb1124ccc9f867efb6930848fd0f4dba279d4feb0a3				
docs/assets/photos/photos-people/snl.jpg	docs/assets/photos/photos-people/thumbs/snl.jpg	photos/people/snl.jpg	1600	1067	4128a7397defc21348fcfd03925bd3ddd253ee1d65261377b97c5f1ab611b9ab				
docs/assets/photos/photos-people/socialjusticelibrary-1.jpg	docs/assets/photos/photos-people/thumbs/socialjusticelibrary-1.jpg	photos/people/socialJusticeLibrary(1).jpeg	999	1105	a12927a955fe67ef12d7ba0a4b13d21e24cf7288e5562ebf922d10c6df151bb1				
docs/assets/photos/photos-people/sophreps.jpg	docs/assets/photos/photos-people/thumbs/sophreps.jpg	photos/people/sophreps.jpeg	1200	1600	aa342e84a452e96f669b7a641f765e683a8219b7489db9665dfa17b9b01a5101				
docs/assets/photos/photos-people/sourpatch.jpg	docs/assets/photos/photos-people/thumbs/sourpatch.jpg	photos/people/sourpatch.png	1600	850	596be86fc64b93cb205541351a5cc2945fe76ad2e6b42113e8abba17c1466226				
docs/assets/photos/photos-people/spicy.jpg	docs/assets/photos/photos-people/thumbs/spicy.jpg	photos/people/spicy.png	1600	900	7e109dfbdb329bfbd46201262d9bdb3f9077ed054b3d1d2fb941285372db202c				
docs/assets/photos/photos-people/steven-kathy-u6592.jpg	docs/assets/photos/photos-people/thumbs/steven-kathy-u6592.jpg	photos/people/stevenkathy-u6592.png	316	212	fe0f1d8e3fe4716983e75e2e4ffb481c7dd9591741d9f3a3f1ab43925506f1c1				
docs/assets/photos/photos-people/sugarspiess.jpg	docs/assets/photos/photos-people/thumbs/sugarspiess.jpg	photos/people/sugarspiess.png	1600	809	5e7d733feda4c8a8c90d669a9fb66f0d02b8a3e7c9889b25841890dc70e9f166				
docs/assets/photos/photos-people/teammerh.jpg	docs/assets/photos/photos-people/thumbs/teammerh.jpg	photos/people/teammerh.png	1600	908	9b56e97caac439e9b9673916b325c1120808614dd75f86a2f0bf18d246ab16ac	The TEAM / FAMILY / WIESS paper banners in the Commons, hung in a descending diagonal, behind an O-Week skit (video still, 2017).	teamwiess.com, O-Week videos, 2017 — @wb 20170908225508 http://teamwiess.com/newstudents/videos/teammerh.png	2017	Team Wiess (traditions/team-wiess.md)
docs/assets/photos/photos-people/teamwiessir.jpg	docs/assets/photos/photos-people/thumbs/teamwiessir.jpg	photos/people/teamwiessir.png	1600	843	f799ffac8c5ae9bf63163afdb8b7fef33ba108da188f12115f620d121a9a1cd0				
docs/assets/photos/photos-people/tommy-heidi-u6595.jpg	docs/assets/photos/photos-people/thumbs/tommy-heidi-u6595.jpg	photos/people/tommyheidi-u6595.png	316	212	c5c7a7316493c689855985ad263d848c3e7cf91d71725f2be3c95b8b2d1212fa				
docs/assets/photos/photos-people/tw-hands.jpg	docs/assets/photos/photos-people/thumbs/tw-hands.jpg	photos/people/tw-hands.jpg	940	588	4bf50dfd3f24b4a27fcef223c5456a7b85e31a2e4cb1430ad190f4126e954d18				
docs/assets/photos/photos-people/ustundag-2.jpg	docs/assets/photos/photos-people/thumbs/ustundag-2.jpg	photos/people/ustundag(2).png	300	300	e12a944bff88a196a7948ada9a38e2831e89de57ec3221b8bf49d146129aa2ab				
docs/assets/photos/photos-people/vvf.jpg	docs/assets/photos/photos-people/thumbs/vvf.jpg	photos/people/vvf.jpg	1600	1067	4c21b9d732d0cd62d9d00ebb843a590fd8de13a3a580c6ba1bc89e00e33cd556				
docs/assets/photos/photos-people/wiess-in-my-veins.jpg	docs/assets/photos/photos-people/thumbs/wiess-in-my-veins.jpg	photos/people/wiess in my veins.jpg	833	556	0523b47ae017e432bfa3fa5648306e24a479567fe6e7dd0643920ea66e7696a1				
docs/assets/photos/photos-people/wiess-krispies.jpg	docs/assets/photos/photos-people/thumbs/wiess-krispies.jpg	photos/people/wiess krispies.jpg	556	833	b7efc4955b8114f3cdbe33d4c69ab1344dffb4ef0d17f166c965711b9f8ad87f				
docs/assets/photos/photos-people/wiess-so-serious.jpg	docs/assets/photos/photos-people/thumbs/wiess-so-serious.jpg	photos/people/wiess so serious.jpeg	833	556	b4832db6e06f45e0d0e0000921d8c3a3f2cd93c9e0db9ce70836c60bf6d29664				
docs/assets/photos/photos-people/wiess-wiess-baby.jpg	docs/assets/photos/photos-people/thumbs/wiess-wiess-baby.jpg	photos/people/wiess wiess baby.jpg	884	590	8d5df12144d26317db8e2635651379ecb38178fdcbff1672c96ecdebe7d71db0				
docs/assets/photos/photos-people/wiess-school-musical-2.jpg	docs/assets/photos/photos-people/thumbs/wiess-school-musical-2.jpg	photos/people/wiess-school-musical(2).jpg	1600	1067	c29c8a77b873d0a043af5c7947e155291784ec82831640de238727be8f65a3b8				
docs/assets/photos/photos-people/wiess-so-serious-2.jpg	docs/assets/photos/photos-people/thumbs/wiess-so-serious-2.jpg	photos/people/wiess-so-serious(2).jpg	1600	900	8bfb7ae2eb98bf76b7a5f06342fca510555fc112c440a5849fce987569b5de64				
docs/assets/photos/photos-people/wiessadactyls.jpg	docs/assets/photos/photos-people/thumbs/wiessadactyls.jpg	photos/people/wiessadactyls.jpg	833	556	230356e48700d6e407733ca146b62d378afcc62edafbdddb5cc47990b2f7a852				
docs/assets/photos/photos-people/wiessed-coffee.jpg	docs/assets/photos/photos-people/thumbs/wiessed-coffee.jpg	photos/people/wiessed coffee.png	650	456	1177fe057c62cc6a1593aaba403a3dc90e2dd9600301d3b7d1744e892373d70c				
docs/assets/photos/photos-people/wiessicles.jpg	docs/assets/photos/photos-people/thumbs/wiessicles.jpg	photos/people/wiessicles.jpg	1600	1084	1e6c8c939ea6615becdbd95bfeb6bef6c65674997862b731f779b728a784c272	TOKE painted on a graffiti-covered table: an O-Week photograph of 2022, the earliest written trace of the name.	teamwiess.com, O-Week 2022 — @wb 20220709040142 http://teamwiess.com/images/oweek2022/wiessicles.jpg	2022	The terraces (places/terraces.md)
docs/assets/photos/photos-people/wiessmen-of-waverly-place.jpg	docs/assets/photos/photos-people/thumbs/wiessmen-of-waverly-place.jpg	photos/people/wiessmen of waverly place.jpg	833	556	73ac03fa235b9f800fdd9885bf696631b1e223693f96c31308f5fca10753643f				
docs/assets/photos/photos-people/wiessparagus.jpg	docs/assets/photos/photos-people/thumbs/wiessparagus.jpg	photos/people/wiessparagus.png	876	581	992904c840dd6b79dcaa7fea5b6c81750689833a1124febb7db9e3616c2920b4				
docs/assets/photos/photos-people/winteriscoming.jpg	docs/assets/photos/photos-people/thumbs/winteriscoming.jpg	photos/people/winteriscoming.png	1600	849	41759349777fb26f6e9cdf2aa0549f9c001cac565d8b08b8980965b6f5361166				
docs/assets/photos/photos-people/zac-1.jpg	docs/assets/photos/photos-people/thumbs/zac-1.jpg	photos/people/zac(1).jpg	990	990	b2e9992b1c02616ae86b7aee702b412faeaa112983535116f5251b4c20873255				
docs/assets/photos/photos-people/zach-kelly-u6598.jpg	docs/assets/photos/photos-people/thumbs/zach-kelly-u6598.jpg	photos/people/zachkelly-u6598.png	316	212	513289dd039b222e2955bb54d31b7ac1a03638483358b8ea3aa27e9d176452a3				
docs/assets/photos/riceinfo-1997-2002/events-beerbike-beerbike1.jpg	docs/assets/photos/riceinfo-1997-2002/thumbs/events-beerbike-beerbike1.jpg	events_beerbike_beerbike1.gif	361	206	05089f8dcec1e9846cfe75a71ad3ba19d21bd8e72a3e875e994ab4ac0ad39bee				
docs/assets/photos/riceinfo-1997-2002/events-beerbike-beerbike2.jpg	docs/assets/photos/riceinfo-1997-2002/thumbs/events-beerbike-beerbike2.jpg	events_beerbike_beerbike2.gif	362	402	a4b852244df3bc84b390ec7fd0b3a9938c23091b3badeaf7681ffc6589a95a7d				
docs/assets/photos/riceinfo-1997-2002/events-jamfest-jamfest1.jpg	docs/assets/photos/riceinfo-1997-2002/thumbs/events-jamfest-jamfest1.jpg	events_jamfest_jamfest1.gif	564	389	3a389499d3b7734da97ee2463f2607e9fbbf0c94150075950095916cb292ac4f				
docs/assets/photos/riceinfo-1997-2002/peepul-associates-drbill-tn.jpg	docs/assets/photos/riceinfo-1997-2002/thumbs/peepul-associates-drbill-tn.jpg	peepul_associates_drbill-tn.jpg	120	120	d69ba8ceb20ad787ec25743029eb929746a499f7cf66f341daaa28717b101f06	Dr. Bill Wilson, Resident Associate, as pictured on the first website's Associates page.	First Wiess website, People pages, 1998–2000 — @riceinfo-masters	1998–2000	Core Team (people/core-team.md)
docs/assets/photos/riceinfo-1997-2002/peepul-associates-standodds-tn.jpg	docs/assets/photos/riceinfo-1997-2002/thumbs/peepul-associates-standodds-tn.jpg	peepul_associates_standodds-tn.jpg	120	120	d777ca94b29883cd6baef43c2ac8f8bea68cb76f5eb19b117a82a686b8b3b003	Dr. Stan Dodds, Resident Associate.	First Wiess website, People pages, 1998–2000 — @riceinfo-masters	1998–2000	Core Team (people/core-team.md)
docs/assets/photos/riceinfo-1997-2002/peepul-hcwiess.jpg	docs/assets/photos/riceinfo-1997-2002/thumbs/peepul-hcwiess.jpg	peepul_hcwiess.jpg	120	132	b0413d1ced79c7329b7703d4c77061ee0b85cfa1774bd24b6f77c0e520e70de8				
docs/assets/photos/riceinfo-1997-2002/peepul-johnhutchinson2.jpg	docs/assets/photos/riceinfo-1997-2002/thumbs/peepul-johnhutchinson2.jpg	peepul_johnhutchinson2.gif	111	187	c0b61c4678412da8cc315be549096fda27d0d0143b5faa6989d4ceb5ac41e860	John Hutchinson, Magister (then Master).	First Wiess website, People pages, 1998–2000 — @riceinfo-masters	1998–2000	Core Team (people/core-team.md)
docs/assets/photos/riceinfo-1997-2002/peepul-paulahutchinson2.jpg	docs/assets/photos/riceinfo-1997-2002/thumbs/peepul-paulahutchinson2.jpg	peepul_paulahutchinson2.gif	129	188	d2048b196955e0b9d8f4e80dea7a95d3ded6bca59bca34c993ce06a4fdb8006a	Paula Hutchinson, Magister (then Master).	First Wiess website, People pages, 1998–2000 — @riceinfo-masters	1998–2000	Core Team (people/core-team.md)
docs/assets/photos/riceinfo-1997-2002/peepul-students-evanbangee.jpg	docs/assets/photos/riceinfo-1997-2002/thumbs/peepul-students-evanbangee.jpg	peepul_students_evanbangee.gif	316	450	cf85d4a39fcec07521c2efa3ba2defc5488394af034e47a5f150161e661c1890				
docs/assets/photos/riceinfo-1997-2002/sows-dasows.jpg	docs/assets/photos/riceinfo-1997-2002/thumbs/sows-dasows.jpg	sows_daSows.jpg	1305	633	01f35f7ed0d63da7d718cbc2cb92ae48f94d68dd67afa80db084d4c6d1e9e262	The Battle Sows, 1999 Powder Puff champions.	First Wiess website, Battle Sows page, 1999 — @riceinfo-battlesows	1999	Battle Sows (traditions/battle-sows-powderpuff.md)
docs/assets/photos/riceinfo-1997-2002/sows-dasowsthumb.jpg	docs/assets/photos/riceinfo-1997-2002/thumbs/sows-dasowsthumb.jpg	sows_daSowsThumb.jpg	261	127	4443c64657292ee1df5a68eb56c86c0064b977370ce2c3b57258bd42f016d4d2				
docs/assets/photos/riceinfo-1997-2002/sows-huddle.jpg	docs/assets/photos/riceinfo-1997-2002/thumbs/sows-huddle.jpg	sows_huddle.jpg	1059	957	7ba8f1c8d61dd6d59dd3c5f79f3eabaa0eed4e30c7ce7e5f8b3673a32b9cddb1	The Sows' huddle, 1999.	First Wiess website, Battle Sows page, 1999 — @riceinfo-battlesows	1999	Battle Sows (traditions/battle-sows-powderpuff.md)
docs/assets/photos/riceinfo-1997-2002/sows-huddlethumb.jpg	docs/assets/photos/riceinfo-1997-2002/thumbs/sows-huddlethumb.jpg	sows_huddleThumb.jpg	212	191	5ff4e56cfb024ea07902978d677e506949d4091b622dada59e30c34cf48ea1be				
docs/assets/photos/riceinfo-1997-2002/sows-kathy.jpg	docs/assets/photos/riceinfo-1997-2002/thumbs/sows-kathy.jpg	sows_kathy.jpg	384	288	8a7762b5ec8d088b673950bf96b8b47e225b522afa082d1f03479654733a5d65				
docs/assets/photos/riceinfo-1997-2002/sows-kathythumb.jpg	docs/assets/photos/riceinfo-1997-2002/thumbs/sows-kathythumb.jpg	sows_kathyThumb.jpg	192	144	ce12f82dd90696c566e0a7accd7b4923454340a48122c6a37c131039f6abd6e7				
docs/assets/photos/riceinfo-1997-2002/sows-whattime.jpg	docs/assets/photos/riceinfo-1997-2002/thumbs/sows-whattime.jpg	sows_whatTime.jpg	640	480	d283b647a1e1454fa52fc135c8fb7b123241436438826edb2ce7ac04bc1d31a9	Battle Sows, 1999: "What time is it?"	First Wiess website, Battle Sows page, 1999 — @riceinfo-battlesows	1999	Battle Sows (traditions/battle-sows-powderpuff.md)
docs/assets/photos/riceinfo-1997-2002/sows-whattimethumb.jpg	docs/assets/photos/riceinfo-1997-2002/thumbs/sows-whattimethumb.jpg	sows_whatTimeThumb.jpg	224	168	00db720218e802837ab076ddbf3692e7e6c9c946d558769684f7143e1b1c0018				
docs/assets/photos/riceinfo-1997-2002/views-3mid.jpg	docs/assets/photos/riceinfo-1997-2002/thumbs/views-3mid.jpg	views_3mid.jpg	800	570	6fb2e0d8b2a2bf498e649301aa3c51dd3c9018218974c21df03eb79332520735	The Middle Section, the only part of Old Wiess with a third floor: "the tower" (rooms 135–136, 235–236, 335 the computer room and 336 the presidential suite), with the five-man suites beside it.	First Wiess website, 'Pictures of Wiess Rooms' (set up by Head Fellow Chris Ruehl, 1998; text Ray Wagner, 1999) — @wb 19991011025731 http://riceinfo.rice.edu/projects/colleges/wiess/college/photos/tower.html	1998–1999	Old Wiess (places/old-wiess.md)
docs/assets/photos/riceinfo-1997-2002/views-acab.jpg	docs/assets/photos/riceinfo-1997-2002/thumbs/views-acab.jpg	views_acab.jpg	600	475	35db8f93f33beb28ab168eb4f530ce58cf711c2c44ad8611f8145da61cceb4c1	The Acabowl Ledge, rooms 111–124: "especially if it's sunny, this ledge is one of the more active areas at Wiess."	First Wiess website, 'Pictures of Wiess Rooms' (set up by Head Fellow Chris Ruehl, 1998; text Ray Wagner, 1999) — @wb 20020116233355 http://riceinfo.rice.edu/projects/colleges/wiess/college/photos/acabowl.html	1998–1999	Old Wiess (places/old-wiess.md)
docs/assets/photos/riceinfo-1997-2002/views-acabowl-tn.jpg	docs/assets/photos/riceinfo-1997-2002/thumbs/views-acabowl-tn.jpg	views_acabowl-tn.jpg	124	145	b28e1b74d61352e0475f29518e70242e1aa616a64ca68635f60ce2540594c63e				
docs/assets/photos/riceinfo-1997-2002/views-acabowl.jpg	docs/assets/photos/riceinfo-1997-2002/thumbs/views-acabowl.jpg	views_acabowl.jpg	153	72	1d2eaf19dc08be15853e84602c1a968790b4a33626829f3e070c81aca107ed4a				
docs/assets/photos/riceinfo-1997-2002/views-far.jpg	docs/assets/photos/riceinfo-1997-2002/thumbs/views-far.jpg	views_far.jpg	490	327	f71ee7c9dddcf9c164ce886d0418e4d0bc7f578c5c714ac099b909e8b6114083	The Acabowl ledges from the intramural fields; the Acabowl was "home to a volleyball court, a few barbeque pits, some benches".	First Wiess website, 'Pictures of Wiess Rooms' (set up by Head Fellow Chris Ruehl, 1998; text Ray Wagner, 1999) — @wb 20020116233355 http://riceinfo.rice.edu/projects/colleges/wiess/college/photos/acabowl.html	1998–1999	Old Wiess (places/old-wiess.md)
docs/assets/photos/riceinfo-1997-2002/views-fbaca.jpg	docs/assets/photos/riceinfo-1997-2002/thumbs/views-fbaca.jpg	views_fbaca.jpg	800	392	1a30bdc610853bcba53ed51e27596b3f2a712da6d994db436526f831e40cb8d8	The Bacabowl Ledge, rooms 137/237–148/248, "generally a little bit quieter than the acabowl". Room 137 was a restroom, the "O/C Bathroom".	First Wiess website, 'Pictures of Wiess Rooms' (set up by Head Fellow Chris Ruehl, 1998; text Ray Wagner, 1999) — @wb 20020615221715 http://riceinfo.rice.edu/projects/colleges/wiess/college/photos/backabowl.html	1998–1999	Old Wiess (places/old-wiess.md)
docs/assets/photos/riceinfo-1997-2002/views-fish-room.jpg	docs/assets/photos/riceinfo-1997-2002/thumbs/views-fish-room.jpg	views_fish-room.jpg	600	431	faca2d97eede56f3562e1cc8e02236e8cff4e5004c99e5e26186688d0afa2741	"A typical Wiess freshman room", shot through a window with the last exposure on the roll; about 20 by 15 feet.	First Wiess website, 'Pictures of Wiess Rooms' (set up by Head Fellow Chris Ruehl, 1998; text Ray Wagner, 1999) — @wb 19991011000933 http://riceinfo.rice.edu/projects/colleges/wiess/college/photos/frosh.html	1998–1999	Old Wiess (places/old-wiess.md)
docs/assets/photos/riceinfo-1997-2002/views-fsing.jpg	docs/assets/photos/riceinfo-1997-2002/thumbs/views-fsing.jpg	views_fsing.jpg	378	207	917ab3d2d3c6b2308e9d67b5ff684381a4ca4d3915321139b36241a1770d88ab	The Singles Wing from the Bacabowl: "filled mostly with seniors"; Dr. Bill lived on the second floor, last room on the right.	First Wiess website, 'Pictures of Wiess Rooms' (set up by Head Fellow Chris Ruehl, 1998; text Ray Wagner, 1999) — @wb 19991011005025 http://riceinfo.rice.edu/projects/colleges/wiess/college/photos/singles.html	1998–1999	Old Wiess (places/old-wiess.md)
docs/assets/photos/riceinfo-1997-2002/views-mid.jpg	docs/assets/photos/riceinfo-1997-2002/thumbs/views-mid.jpg	views_mid.jpg	800	431	fdfe926ca73ee8c5c12155cdaaa7ce2194f5cceaa48c05b478d6fac9a71bbd9d	The Middle Section from the Bacabowl side, rooms 134 (left) to 129 (right).	First Wiess website, 'Pictures of Wiess Rooms' (set up by Head Fellow Chris Ruehl, 1998; text Ray Wagner, 1999) — @wb 19991011025731 http://riceinfo.rice.edu/projects/colleges/wiess/college/photos/tower.html	1998–1999	Old Wiess (places/old-wiess.md)
docs/assets/photos/riceinfo-1997-2002/views-room.jpg	docs/assets/photos/riceinfo-1997-2002/thumbs/views-room.jpg	views_room.gif	543	399	89cf7202680df8a16f17d5abb25489b2a4f4eaa93581ba3d2e0e172af772a8ee				
docs/assets/photos/riceinfo-1997-2002/views-sing.jpg	docs/assets/photos/riceinfo-1997-2002/thumbs/views-sing.jpg	views_sing.jpg	353	301	19f025fdcf7e7bb3ed37c5c0750339f6809b991b1bc8bef91b30e6c24463c23d	The other side of the Singles Wing, facing Baker.	First Wiess website, 'Pictures of Wiess Rooms' (set up by Head Fellow Chris Ruehl, 1998; text Ray Wagner, 1999) — @wb 19991011005025 http://riceinfo.rice.edu/projects/colleges/wiess/college/photos/singles.html	1998–1999	Old Wiess (places/old-wiess.md)
docs/assets/photos/riceinfo-1997-2002/views-ten1.jpg	docs/assets/photos/riceinfo-1997-2002/thumbs/views-ten1.jpg	views_ten1.jpg	304	280	10d1f21a0b58a6881a44cac42d3c6d6254cab87e182521a1879cb45c3f4b2883	The Tennis Court Wing, rooms 101–110 and 201–210; rooms 209–210 were the apartment of the Resident Associate, Dr. Stan Dodds.	First Wiess website, 'Pictures of Wiess Rooms' (set up by Head Fellow Chris Ruehl, 1998; text Ray Wagner, 1999) — @wb 20011112112601 http://riceinfo.rice.edu/projects/colleges/wiess/college/photos/tennis.html	1998–1999	Old Wiess (places/old-wiess.md)
docs/assets/photos/riceinfo-1997-2002/views-ten2.jpg	docs/assets/photos/riceinfo-1997-2002/thumbs/views-ten2.jpg	views_ten2.jpg	481	159	3b4e4de53cb3a5b6a25b2a9926fad7a30c6129a163d968d8059821c3673f51a1	The Tennis Court Wing from the Acabowl, with the bike rack on the right.	First Wiess website, 'Pictures of Wiess Rooms' (set up by Head Fellow Chris Ruehl, 1998; text Ray Wagner, 1999) — @wb 20011112112601 http://riceinfo.rice.edu/projects/colleges/wiess/college/photos/tennis.html	1998–1999	Old Wiess (places/old-wiess.md)
docs/assets/photos/riceinfo-1997-2002/views-uaca.jpg	docs/assets/photos/riceinfo-1997-2002/thumbs/views-uaca.jpg	views_uaca.jpg	600	429	491b5d87678ca73dcc746aba83f07c84b0f4b84e7b2f4c6537f57570db68de87	The second-floor Acabowl hallway, rooms 211–224 ("even the fire hose is in the same place").	First Wiess website, 'Pictures of Wiess Rooms' (set up by Head Fellow Chris Ruehl, 1998; text Ray Wagner, 1999) — @wb 20020116233355 http://riceinfo.rice.edu/projects/colleges/wiess/college/photos/acabowl.html	1998–1999	Old Wiess (places/old-wiess.md)
docs/assets/photos/riceinfo-1997-2002/wiesscollege.jpg	docs/assets/photos/riceinfo-1997-2002/thumbs/wiesscollege.jpg	wiesscollege.jpg	324	122	ce07e2feed0db27fff8a18a610a2142a31c492be323a68fd000921537d5c37e1				
