id	keep	title	type	pages	detail	cites	where_to_look	labels	priority	merged_from
OQ-001		Find the year Wiess Skate began	question	traditions/wiess-skate.md	The earliest written source for Wiess Skate so far is the 2021 O-Week book. The Thresher scan 1970–2012 and the Wiess web captures through 2017 did not mention it; other colleges held Galleria/Sharpstown skating parties from 1978 (Will Rice freshman skate) and McMurtry started a Galleria trip by 2010. Find the first Wiess year.	oweek-2021; portal metapth245376 p.8; portal metapth443066 p.6	Wiess Cabinet budgets and minutes 2012–2020; Campanile 2013–2020; the Wiess GroupMe before 2024; O-Week books 2012, 2013, 2018, 2020 (not yet held); alumni of 2012–2020	traditions; dates; needs-source; archives	high	new 2026-10-06 (maintainer)
OQ-002		"Read the 1979 Thresher series ""Wiess College: The First Fifteen Years"""	lead	changes/1960s-1970s.md; people/masters-and-magisters.md; places/acabowl.md; traditions/tabletop-theatre.md; sources/wanted.md	A four-part Thresher history (1, 8, 15 and 22 Feb 1979) covering presidents and masters to about 1972, the Acabowl's name and the founding of Table Top Theater. Found in the October 2026 sweep but not yet read in full.	thresher-1979-wiess-first-fifteen-years	Portal to Texas History or digital.library.unt.edu OCR pages, Thresher 1, 8, 15, 22 Feb 1979 (pp.6, 14, 14, 12)	thresher; people; dates; archives	high	changes/1960s-1970s.md: Magisters and RAs, read the 1979 serial in full; sources/wanted.md: Read this next; places/acabowl.md: Academic Bowl name; traditions/tabletop-theatre.md: who founded Tabletop
OQ-003		Get the O-Week books we don't hold yet	lead	changes/index.md; changes/2000s.md; changes/2010s.md; changes/2020s.md; traditions/o-week.md; traditions/jamfest.md; traditions/ubangee.md; places/terraces.md; places/commons.md; places/rooms-and-spaces.md; people/core-team.md; sources/wanted.md	"Several changes on the site are dated by the first O-Week book that mentions them, so those dates may be a year or two late. Not held yet: 1995–2002, 2004, 2005, 2009 (parts 1, 3, 7 and cover), 2012, 2013, 2018, 2020, 2022, 2023, 2026, and pages 15–34, 45–60, 75–79 of the 2003 book. The 2012–13 books would date the last JamFest, the Ubangee change, the first ""Bacaterrace"" and the 2013 RA; 2018 would date ""UpCo"" and ""2FK/3FK""."	oweek-2003; oweek-2006; oweek-2014; oweek-2011 p.46; oweek-2019 p.14; oweek-2021 p.63	The Historian and past Head Fellows; College Coordinator; Woodson Research Center, Wiess College Records (UA 0079); teamwiess.com captures of downloads/ and images/oweekbook-p-*.png; alumni	archives; web-archive; dates	high	changes/index.md: glossary dates may be late; changes/2000s.md: 2003 book pages and 2004–05 books; changes/2020s.md: books 2018, 2020, 2022, 2023, 2026; traditions/o-week.md: books not held; people/core-team.md: the 2013 RA (Nico Orlandi); places/commons.md: when UpCo caught on; places/rooms-and-spaces.md: when 2FK/3FK caught on; places/terraces.md: first use of Bacaterrace; sources/search-log.md: O-Week books not held
OQ-004		Save readable copies of wiess.rice.edu history, traditions and Core Team pages	lead	traditions/index.md; traditions/team-wiess.md; people/core-team.md; people/masters-and-magisters.md; people/college-idiot.md; traditions/filmfest.md; traditions/wiess-day.md; traditions/battle-sows-powderpuff.md; traditions/night-of-decadence.md; web/the-wiess-website-through-the-years.md; changes/2020s.md	The current college site renders in the browser, so the Wayback captures we have hold only an empty shell. A rendered copy would be the most direct 2026 statement of which traditions are running (Idiot, FilmFest, Wiess Day, Battle Sows) and of the Core Team. The Team Wiess page cites the about/history 1975 wording from an earlier reading.	wiess-rice-edu; wiess-rice-edu asset-manifest.json; wiess-rice-edu about/history; wiess-rice-edu-coreteam; wb 20241006035649 https://wiess.rice.edu/government/coreteam; wb 20241227224744 https://wiess.rice.edu/	Open wiess.rice.edu about/history, about/traditions, government/coreteam and /nod/ in a browser; save text and submit to the Wayback Machine (Save Page Now)	web-archive; traditions; people	high	traditions/index.md: the current college site; traditions/team-wiess.md: save about/history; changes/2020s.md: Core Team page; people/masters-and-magisters.md: 2026 roster; people/college-idiot.md: still elected?; traditions/filmfest.md: still runs?; traditions/wiess-day.md: still happens?; traditions/battle-sows-powderpuff.md: name in 2026; traditions/night-of-decadence.md: what wiess.rice.edu/nod/ said; web/the-wiess-website-through-the-years.md: pages that archived empty
OQ-005		Recover the 2007–09 teamwiess.com Cabinet minutes archive	lead	traditions/dome.md; traditions/big-bang.md; traditions/baker-13-defense-force.md; traditions/wiess-day.md; traditions/retired/freshman-weenie-roast.md; places/basement-and-sparkys.md; places/terraces.md; sources/search-log.md	"teamwiess.com posted Cabinet minutes in 2007–09 (index.php?r=lastnotes and its Archive, and cabinetminutes.php); only a few captures are in hand. They would likely explain the 2008 ""DOME & Big Bang"" and ""Baker 13 Defense Force"" pages, the first Wiess Day, the end of the Weenie Roast, the 2009 War room refit and the 2009 chessboard."	wb 20080903215453 http://teamwiess.com/index.php?r=lastnotes; wb 20090903015953 http://teamwiess.com/cabinetminutes.php; wb 20080625214640 http://teamwiess.com/index.php?r=domebigb; wb 20080625214645 http://teamwiess.com/index.php?r=b13df	Wayback CDX for teamwiess.com index.php?r=lastnotes* and cabinetminutes.php*; 2007–09 Cabinet Secretaries; Woodson Research Center, Wiess College Records (UA 0079)	web-archive; governance; dates	high	sources/search-log.md: 2007–08 Cabinet minutes archive; traditions/dome.md: 2007–08 minutes; traditions/big-bang.md: empty 2008 DOME & Big Bang page; traditions/baker-13-defense-force.md: 2008 page; traditions/wiess-day.md: 2008 Cabinet minutes; traditions/retired/freshman-weenie-roast.md: fall 2007/2008 roast; places/basement-and-sparkys.md: 2009 War room refit at Summit 2009; places/terraces.md: 2009 chessboard
OQ-006		Find the first Wiess Constitution and the governing documents before 1993	question	governance/index.md; governance/constitution-history.md; changes/1940s-1950s.md; changes/1960s-1970s.md; changes/1980s.md; changes/index.md; changes/1990s.md	No constitution, bylaw or Cabinet roster from 1957 to 1991 is in our files. The 1993 text's rule that a rewrite follows ten amendments suggests an older, amended document, but the 1993 text does not call itself a rewrite. Find when the first Constitution was adopted, who sat on the first Cabinet, and how often it changed before 1993.	woodson-ua0079; constitution-1993 Art. XII §6; gov-repo CHANGES.md; rules-1991	Woodson Research Center, Wiess College Records (UA 0079) (Cabinet minutes and governing documents from 1950); Thresher 1957–58; Campanile 1958–1970	governance; archives; dates	high	changes/1940s-1950s.md: first Constitution and first Cabinet; changes/1960s-1970s.md: everything governmental; changes/1980s.md: constitutions and Cabinet rosters; changes/index.md: governance before 1983; changes/1990s.md: was 1993 a rewrite; governance/index.md: 1957–1993 and first Constitution; governance/constitution-history.md: was 1993 a rewrite, pre-1993 constitutions
OQ-007		Find the full record of the 2024 NOD cancellation	question	decisions/nod-2026.md; changes/2020s.md; traditions/night-of-decadence.md	The decision record covers the cancellation of 5 June 2024 from the Thresher. Not in hand yet: the 5 June 2024 message itself, the probation terms, any Cabinet minutes or vote on NOD in 2023–24, the Magisters' written recommendation, and the 2024 Alcohol Policy Advisory Committee (APAC) report.	thresher-2024-06-05-nod-canceled; thresher-2025-01-mad-reviews; nod-talk-magister	Cabinet minutes 2023–24; the Magisters; the Dean of Undergraduates' office; APAC report (Rice policy site); Social VPs 2023–25	governance; traditions; archives	high	changes/2020s.md: NOD 2026; traditions/night-of-decadence.md: the full 5 June 2024 message, Cabinet vote, APAC report, who cancelled it; sources/wanted.md: Wiess side of the NOD decision
OQ-008		List the Wiess Magisters 1957–1990 with their dates	question	people/masters-and-magisters.md; people/core-team.md; changes/1940s-1950s.md; changes/1960s-1970s.md; sources/wanted.md	Not established yet: Talmage's start and end (alumni place him in office 1961–62 and the late 1960s), Rudee's start, everyone between Stewart Baker (about 1977) and the Hutchinsons (about 1990), and whether Dr. Bill's spring 1983 interim was a sabbatical or a vacancy. Stephen Baker says he was acting Magister in 1971–72; Stewart Baker of English was Magister in the mid-1970s.	riceinfo-masters; woodson-ua0079; wb 20140719005702 http://teamwiess.com/amenities.html; thresher-1979-wiess-first-fifteen-years; rhc 2011-05-06 friday-afternoon-follies-plus-a-campus-quiz comment by Dagobert Brito (Wiess '63), 7 May 2011; rhc 2016-08-16 moving-in-the-rain-1957 comment by Kermit Lancaster, 23 Aug 2016; rhc 2013-02-19 dr-baker-rocks comment by Stephen Baker, 19 Feb 2013; rhc 2013-02-19 dr-baker-rocks comment by Kelty Baker, 15 Jul 2020; handbook-1994	The PDR portraits of former Magisters; Campanile 1958–1990; Woodson Research Center, Wiess College Records (UA 0079); Thresher announcements of Masters' appointments; the 1979 Thresher series	people; dates; archives	high	changes/1940s-1950s.md: first Magister; changes/1960s-1970s.md: Magisters before the Hutchinsons; people/core-team.md: Magisters 1957–1990; people/masters-and-magisters.md: 1957–1990, Talmage's dates, two Dr. Bakers, Dr. Bill's 1983 interim; sources/search-log.md: Magisters 1957–1990
OQ-009		Photograph and caption the PDR portraits of former Magisters	lead	people/masters-and-magisters.md; people/core-team.md; places/commons.md; sources/wanted.md	"The 2014 website mentions ""pictures of all our former Masters"" in the PDR. A photographed, captioned set would give a first full Magister list. Also check where the portraits came from and whether Magisters since 2017 are included."	wb 20140719005702 http://teamwiess.com/amenities.html; oweek-2014 p.46; oweek-2017 p.30	The PDR at Wiess (a current student or the Historian); College Coordinator	photos; people	high	people/masters-and-magisters.md: the PDR pictures; people/core-team.md: PDR pictures; places/commons.md: where the PDR portraits came from; sources/wanted.md: portraits of former Magisters
OQ-010		Pin down the 2002 move into New Wiess, its dedication and the demolition	question	places/new-wiess.md; places/old-wiess.md; changes/2000s.md	"Lundin expected January 2002 move-in; every O-Week book from 2003 says New Wiess ""opened in the fall of 2002""; Delany found Old Wiess empty in August 2002. The dedication was planned for Saturday 7 September 2002, with the old Acabowl still in use. Not confirmed yet: the move-in date, whether the dedication was held that day, and when Old Wiess was demolished."	riceinfo-news-2000-lundin; wb 20040416083807 http://www.teamwiess.com/oweek/35-44%20wiess.pdf p.3; oweek-2006 p.37; edesigns-old-wiess-2002; wb 20011212095214 http://teamwiess.com:80/wiess_dedication.html; teamwiess-dedication-2001; rhc 2014-11-19 wiess-college-luminaries; rhc 2016-05-24 hanging-out-at-wiess comment by JD Miner, 25 May 2016; wb 20021013235815 http://www.teamwiess.com:80/pow.html	Thresher spring 2002 and fall 2002–spring 2003; Rice News 2002; late-2002 teamwiess.com captures; Rice Facilities records; Campanile 2002–03	places; dates; thresher	high	changes/2000s.md: when the college moved and whether the 7 September dedication happened; places/new-wiess.md: move-in date, dedication date, the real 2002 move-in; places/old-wiess.md: demolition date, move-out date; sources/search-log.md: Old Wiess
OQ-011		Pin down the Big Bang start year	question	traditions/big-bang.md	"The 1986 Thresher calls it the ""third annual"", which points to 1984, and a 1984 Thresher item exists. The 1983–85 Thresher has not been checked for an earlier start. Recent years are already drafted (issues/drafts/13)."	thresher-1984-10-05-big-bang; thresher-1986-09-19-big-bang	Thresher Sept–Oct 1983, 1984, 1985; Campanile 1984–85; alumni of 1983–86	traditions; dates; thresher	high	traditions/big-bang.md: exactly when it began
OQ-012		Pin down when the current wooden War Pig was built	question	traditions/warpig.md; changes/2010s.md; changes/2020s.md	"The first wooden pig is 2012 (the Class of 2012 ""Warpig Taskforce""). Today's pig may date from 2018, 2019 or 2021; the 2021 book points to 2021. Also open: who was on the 2012 Taskforce and what it cost, and who built the 2024 pig and whether it is the pig of 2025 and 2026."	campanile-2012 p.172; oweek-2021 p.55; warpig-core-deck; thresher-2024-04-10	The Class of 2012 Taskforce; Loryn H. '21; the WarPig repository; O-Week books 2012–13 and 2018–20; Cabinet budgets	traditions; dates; people; photos	high	changes/2010s.md: who built the wooden pig; changes/2020s.md: the 2024 pig; traditions/warpig.md: built for 2018, 2019 or 2021, the 2012 Taskforce; sources/wanted.md: drawings and costs of the 2012 pig
OQ-013		Find when broomball became a Wiess and O-Week fixture	question	traditions/broomball.md	Known so far: a 1980 Rally Club broomball outing met at Wiess Commons; a 2009 O-Week book caption shows new Wiessmen at broomball; in 2006 Rice Night at the Aeros held a college-vs-college tournament. Not found yet: when it became a regular Wiess/O-Week event, which rink it used, and any results.	portal metapth245448 p.20; portal metapth443046 p.11; portal metapth443213 p.19	O-Week books 2003–2011 (schedule pages); Thresher sports and O-Week coverage 1980–2010; Campanile; Head Fellows' files; alumni	traditions; dates; thresher; needs-source	medium	new 2026-10-06 (maintainer)
OQ-014		"Find out what ""the election game"" is"	question	traditions/housing-jack.md	"The phrase has come up as a Wiess custom, but no source we have uses it, and the Constitution's elections article describes no game. It may be another name for the almost-pong cup game that ""elects"" who stays on campus, or something else."	constitution-2026; thresher-2024-03-kicked-off-campus	Ask current students and the Housing Reps; the Wiess GroupMe; the person who first mentioned it	oral-history; traditions; needs-source	medium	"traditions/housing-jack.md: What is ""the election game""?; sources/search-log.md: no source for ""the election game""; new 2026-10-06 (maintainer)"
OQ-015		Locate Wiess Cabinet minutes, 1957–2026	lead	governance/cabinet.md; changes/index.md; governance/constitution-history.md	Cabinet minutes would date most changes in governance and many traditions. The Woodson holds Wiess Cabinet minutes from 1950; for later years, the riceinfo reading guide says the 1999 news page carried minutes, but the captured minutes page is a placeholder. Find which runs survive and where.	woodson-ua0079; riceinfo-minutes-1999	"Woodson Research Center, Wiess College Records (UA 0079); the Cabinet Secretary's files; the Wiess listserv archive; the Notion ""Wiess Database""; riceinfo 1999 news page captures"	archives; governance	medium	governance/cabinet.md: where are thirty years of minutes?; governance/cabinet.md: did riceinfo ever post minutes?; changes/index.md: Cabinet minutes from 1950; governance/constitution-history.md: which amendments 1993–2013 (minutes would say)
OQ-016		Search the 1994–2012 Thresher for DOME, Gatsby, Debates and Pumpkin Grades	lead	traditions/dome.md; traditions/gatsby.md; traditions/debates.md; traditions/pumpkin-grades.md; traditions/big-bang.md; traditions/retired/index.md	The 1956–94 Thresher OCR has been searched; 1994–2012 has not been searched for these party names, nor the post-1999 Thresher for the retired traditions on the 1997 lists. The Portal now asks for a human verification step before searching. The oral accounts for these events are already drafted as issues (issues/drafts/01, 02, 03, 05, 13).	thresher-web; thresher-portal	Portal to Texas History (a person passes the bot check first) or digital.library.unt.edu page OCR; ricethresher.org archive	thresher; traditions; dates	medium	sources/search-log.md: Thresher 1994–2012 for DOME, Gatsby, Debates, Pumpkin Grades, Big Bang; traditions/dome.md: did the Thresher cover it; traditions/pumpkin-grades.md: when the slang started; traditions/retired/index.md: Thresher after 1999 not searched
OQ-017		Find Portal page ids for Thresher pages cited by date only	lead	traditions/warpig.md; traditions/team-wiess.md; traditions/beer-bike.md; traditions/fort-wiess.md; changes/2010s.md	"Several Thresher pages are cited by date only: 1 Feb 2002 p.11 (also its exact wording on Team Wiess); 26 Mar 2004 p.9; 7 Apr 2000 p.12; 6 Apr 2001 p.29; 5 Apr 2002 pp.6, 27; 30 Mar 2007 p.36; 26 Mar 1993 pp.4, 5, 10; 5 Apr 1991 p.16; 14 Sep 1990 p.11; 19 Sep 1986 p.18. Also the ricethresher.org URLs for the March 2016 ""Beer Bike Violations & Fines"" item (the Warpig float's wheels) and the 10 Apr 2024 Beer Bike piece."	thresher-2002-02-01 p.11; thresher-2004-03-26 p.9; thresher-2002-04-05 p.6; thresher-portal 1993-03-26 p.4; thresher-web; thresher-2024-04-10	Portal to Texas History browse by date; ricethresher.org search; transcribe the OCR into each bibliography entry	thresher; needs-source	medium	traditions/warpig.md: exact page ids; traditions/team-wiess.md: wording and page id of the 1 Feb 2002 feature; changes/2010s.md: 2016 Beer Bike fine; traditions/beer-bike.md: 2016 Violations & Fines; sources/search-log.md: Thresher ark ids
OQ-018		Check Kermit Lancaster's 1970s Wiess memorabilia pages	lead	changes/1960s-1970s.md; places/old-wiess.md; traditions/team-wiess.md; traditions/night-of-decadence.md	"lancasterteam.com/wiess reportedly has 1970s NOD flyers and shirts and Beer Bike shirts from when the college was ""just then calling itself 'Team Wiess'"". Not yet read. Dated items would test NOD's early themes and the Team Wiess chant's start; Lancaster's class year is also not established."	lancaster-wiess-memorabilia; rhc 2013-02-19 mixed-nuts-a-dr-baker-update-a-link-to-wiess-memorabilia-and-a-bobby-soxer-on-th; rhc 2013-02-19 mixed-nuts-a-dr-baker-update-a-link-to-wiess-memorabilia-and-a-bobby-soxer-on-the-phone	Wayback captures of lancasterteam.com/wiess (from a personal machine); ask Kermit Lancaster	web-archive; photos; traditions; dates	medium	changes/1960s-1970s.md: NOD's early themes; places/old-wiess.md: 1970s memorabilia site; traditions/team-wiess.md: Lancaster's class year and dated shirts; traditions/night-of-decadence.md: 1970s flyers; sources/search-log.md: Lancaster memorabilia
OQ-019		"Find the c.1990 paper ""Strength of Identity"", a history of Wiess"	lead	traditions/retired/the-dangle.md; changes/1990s.md; traditions/night-of-decadence.md; sources/wanted.md	A Wiess history in a c.1990 collection of student papers on Rice history, reviewed in the Thresher on 9 Nov 1990. It is the earliest source for the Dangle and has an early NOD story. The collection's title is not known yet.	thresher-1990-11-09-strength-of-identity	Fondren Library catalogue and the Woodson Research Center; the 9 Nov 1990 Thresher review for the collection's title and editor	archives; traditions	medium	changes/1990s.md: Strength of Identity; traditions/retired/the-dangle.md: best lead; sources/wanted.md: Read this next
OQ-020		Find the Constitution amendments of 1993–2017 and their dates	question	governance/constitution-history.md; governance/index.md; changes/2000s.md; changes/2010s.md	"We have the 1993, 2007, 2013, 2016 and 2017 texts but not the amendments between them. Open points: what changed 1993–2007 and 2007–2013; the teamwiess.com 2004–05 Constitution page (not in the captures we have); whether the undated 2010 Bylaws are simply the 1993 Bylaws; and whether the 2017 amendment was voted on 29 March 2017 (only the filename says so; its ""Last Amended"" line still says 2016)."	constitution-1993; constitution-2007; constitution-2013; constitution-2016; constitution-2017; bylaws-2010; riceinfo-rules-index-1997; teamwiess-site; gov-repo	Cabinet minutes 1993–2017 (Secretary's files; Woodson Research Center, Wiess College Records (UA 0079)); past Parliamentarians; Wayback CDX for teamwiess.com constitution pages 2004–05	governance; web-archive; dates	medium	governance/index.md: 1993–2007; changes/2000s.md: amendments 1993–2007; changes/2010s.md: amendments 2013–2016; governance/constitution-history.md: 2010 Bylaws' date, the 2017 date, which amendments 1993–2013
OQ-021		Find the 2017–2020 amendments that rebuilt Cabinet and Court	question	governance/constitution-history.md; governance/cabinet.md; governance/court.md; governance/index.md; changes/2010s.md; changes/2020s.md	The 12 February 2020 texts show the results of changes since March 2017 (Magister wording, Diversity Chairs, Junior and Senior Reps, an Assistant Treasurer, an appointed non-voting Secretary, a Court of eight with no Deputies) but not the separate amendments or their dates. The 2019 O-Week book already lists Diversity Chairs and calls the Schaefers Magisters, so some changes predate fall 2019. Bylaws between 2016 and 2020 are also not in hand.	constitution-2017; constitution-2020; bylaws-2020; oweek-2019; constitution-2020 Art. III §12; constitution-2020 Art. III §13 B; constitution-2020 Art. IV §2; teamwiess-cabinet-2020	The Google Drive links on the 2020 Cabinet page; Cabinet minutes 2017–2020; Parliamentarians and Secretaries of 2017–2020	governance; dates	medium	governance/constitution-history.md: which amendments 2017–2020; governance/cabinet.md: Diversity Chairs, Junior/Senior Reps, Assistant Treasurer, Secretary appointed; governance/court.md: when the Court dropped its two Deputies; governance/index.md: 2017–2020 and Bylaws 2016–2020; changes/2010s.md: amendments after March 2017; changes/2020s.md: 2017–20 amendments
OQ-022		Find the Constitution texts between February 2020 and early 2025	question	governance/constitution-history.md; governance/index.md; governance/court.md; governance/cabinet.md; changes/2020s.md	Between the February 2020 texts and the undated c. early 2025 text we have no version. In that span the Bylaws were merged into the Constitution, the Chief Justice became directly elected (by September 2023) and a second Secretary seat was added (by 2023). The undated text is dated to about early 2025 from its PDF producer version; a dated copy would confirm that.	constitution-2020; bylaws-2020; constitution-hate-speech; gov-repo v2025-spring; constitution-hate-speech Art. VIII §2; constitution-hate-speech Art. VI §4 (2); wiess-rice-edu-court-2023; wiess-rice-edu-cabinet-2023; teamwiess-cabinet-2020	Google Drive files linked from the 2020 and 2023 Cabinet pages (ids in sources/search-log.md); Parliamentarians 2020–2025; Cabinet minutes	governance; dates	medium	changes/2020s.md: everything between February 2020 and early 2025; governance/index.md: 2020–2025; governance/constitution-history.md: when Bylaws merged and Chief Justice elected, dating the undated Guiding Documents; governance/court.md: when the Chief Justice became directly elected; governance/cabinet.md: second Secretary seat
OQ-023		Find the adopted wording and vote date of the 2021 hate-speech clause	question	governance/constitution-history.md; governance/index.md; governance/court.md; changes/2020s.md	The Thresher reported the clause in September 2021. The earliest Article XV we have is in the c. early 2025 text, repeated word for word in 2026. The ratified 2021–22 wording and the date Cabinet adopted it are not in our files yet. (The Court's cases themselves are private and should stay so.)	thresher-2021-09-15; constitution-hate-speech Art. XV; constitution-2026 Art. XV; gov-repo CHANGES.md; teamwiess-cabinet-2020	"The 2021–22 Parliamentarian or Secretary; the Notion ""Wiess Database"" (has the Thresher clipping); Google Drive links on the 2020 and 2023 Cabinet pages"	governance; dates; thresher	medium	governance/constitution-history.md: exact 2021 wording and vote date; governance/index.md: the 2021–22 hate-speech text; governance/court.md: date Cabinet adopted the clause; changes/2020s.md: 2021–22 hate-speech clause
OQ-024		Find the College Rules and Housing Rules texts after 1991 and after 2013	question	governance/rules.md; governance/index.md; traditions/housing-jack.md	"We hold the 1991 Rules, the 2012 amendment, and Housing Rules of fall 2008 and February 2013. Not found yet: any College Rules text between 1991 and 2012 (the 1997 webmaster thought a newer copy existed), any changes after 2013, and whether separate Rules exist in 2026 (the 2026 Constitution refers to ""the Rules""). The 1993 Bylaws' damage deposit and ""Honor System"" pledge are absent from the 2016 Bylaws; when and why they were dropped is open."	rules-1991; riceinfo-rules-index-1997; housing-rules-2008; housing-rules-2013; constitution-2026 Art. VIII §7; constitution-1993 Bylaws Art. VII	The Parliamentarian and the Housing Reps; College Coordinator; Cabinet minutes; Woodson Research Center, Wiess College Records (UA 0079)	governance; archives	medium	governance/rules.md: College Rules 1991–2012, Rules after 2013, damage deposit and Honor pledge; governance/index.md: Rules after February 2026; traditions/housing-jack.md: Housing Rules after 2013
OQ-025		Compile Wiess Presidents and Chief Justices year by year	question	governance/cabinet.md; changes/2000s.md	The web gives Presidents for 1998–99 and 2021–24 only. O-Week books and the teamwiess.com cabinet and court pages of 2006–2011 have not been read for this.	riceinfo-cabinet-1998; teamwiess-cabinet-2021; wb 20220826233846 http://teamwiess.com/government/cabinet; wiess-rice-edu-cabinet-2023; teamwiess-site	O-Week books (President's letters); teamwiess.com cabinet/court captures 2006–2011; Campanile; Thresher election results; Woodson Research Center, Wiess College Records (UA 0079)	people; governance; web-archive	medium	governance/cabinet.md: Presidents year by year; changes/2000s.md: Presidents and Chief Justices 2000–2009
OQ-026		Find the Court Procedures, verdict abstracts and fine schedules	lead	governance/court.md; governance/index.md	"Every Constitution since 2007 asks the Court for Procedures and a Code of Conduct, and abstracts of verdicts have been required since 1993; neither is in our files. The 1991 Rules said fines would be ""posted in the commons and filed in the College office""; no fine schedule from the 1990s or 2000s has turned up yet."	constitution-2007 Art. IV §6; rules-1991 §VIII	Ask the Chief Justice; abstracts filed with the College Coordinator (2016–2026); Woodson Research Center, Wiess College Records (UA 0079)	governance; archives	medium	governance/court.md: Court Procedures, abstracts of verdicts, fine amounts; governance/index.md: did the Court write its Procedures; sources/wanted.md: Court abstracts
OQ-027		Check Rice Magazine's claim that George Pharr was Wiess Magister	disagreement	people/masters-and-magisters.md; people/core-team.md; sources/wanted.md	"Rice Magazine (2016) says George Pharr '75 ""became master of Wiess in the early 1990s"". The 1994 handbook has the Hutchinsons ""in their fifth year as Masters"", and the 2017 anniversary site lists Pharr as an alumnus on its committee. A late-1980s or acting term is possible; an early-1990s one does not fit the other sources."	rice-magazine-2016-wiess-traditions; riceinfo-masters; riceinfo-news-2000-lundin; wb 20171108201719 http://teamwiess.com:80/60/	Ask Rice Magazine for its source; ask George Pharr; PDR portraits; Campanile 1985–1992	people; disagreement	medium	people/core-team.md: George Pharr; people/masters-and-magisters.md: George Pharr; sources/wanted.md: source for Rice Magazine's claim
OQ-028		Confirm the Hutchinsons' years as Magisters	disagreement	people/masters-and-magisters.md; people/core-team.md	"The 1994 handbook says ""their fifth year as Masters"" (start about 1989–90); a 2014 bio and a 2025 profile say they began in 1994 and served seven years. Sources from the time have them in office in 1999, 2000 and on the 2001 dedication plan, so about 1990–2001 fits best. A dated appointment and departure would settle it."	riceinfo-masters; oweek-2014 p.57; wb 20250806020200 https://wiess.rice.edu/resources/associates; rhc 2017-11-17 friday-follies-cheers; riceinfo-news-2000-lundin; wb 20011212095214 http://teamwiess.com:80/wiess_dedication.html	Thresher 1989–90 and 2001 (Masters appointments); Campanile; Woodson Research Center, Wiess College Records (UA 0079)	people; disagreement; dates; thresher	medium	people/masters-and-magisters.md: the Hutchinsons' dates; people/core-team.md: Magister dates and names
OQ-029		List the Wiess Resident Associates 1957–1992	question	people/resident-associates.md; people/core-team.md; changes/1960s-1970s.md; traditions/tabletop-theatre.md	"Not found yet: the second RA of 1957, the RAs between Dr. Parish (to about 1980) and 1992 apart from Dr. Bill and the Claytons, John Bennett's dates (the 1994 glossary says he went to ""the dark side""), and whether Stan Dodds began in 1992 or 1993."	rhc 2014-11-19 wiess-college-luminaries comment by Stan Dodds, 20 Nov 2014; riceinfo-history; handbook-1994; warpig-core-deck slide 27; wb 19990222090643 http://riceinfo.rice.edu/projects/colleges/wiess/people/associates.html	Campanile 1958–1992 (Wiess sections); Woodson Research Center, Wiess College Records (UA 0079); alumni	people; dates; archives	medium	people/resident-associates.md: second RA of 1957 and RAs to 1992, the dark side; people/core-team.md: RAs 1957–1992; changes/1960s-1970s.md: RAs before 1994; traditions/tabletop-theatre.md: Dodds's start year
OQ-030		Pin down Dr. Bill Wilson's years as a Wiess RA	question	people/resident-associates.md; people/core-team.md; places/wilson-house.md; changes/2010s.md	"Sources give ""almost thirty years"" (2003) and ""countless years"" (2007). He was on the Pub committee in 1974–75 ""before he became resident associate"" and is among the RAs in the 1976 Campanile, so roughly 1975–2006. Also open: his dates of birth and death, and why his glossary entry stops in 2015."	wb 20040619001755 http://www.teamwiess.com/oweek/01-14%20intro.pdf p.8; wb 20070709183122 http://teamwiess.com/index.php?module=page&page=resident_associates; rhc 2014-01-24 friday-afternoon-follies-dr-bill-in-a-skirt; rhc 2014-11-19 wiess-college-luminaries comment by rcspitzer, 21 Nov 2014; rhc 2017-05-08 name-that-pub-1975 comment by Kermit Lancaster, 12 May 2017; wiess-60th-faq-2017 p.3	"Campanile 1975–1977; the 1989 Sallyport ""day in the life"" profile; Rice News obituary; Dr. Bill Wilson papers at the Woodson; the video on the 2014–17 Dr. Bill page (mediacosmos id 0arp-mpAjEusO24So4vULQ)"	people; dates; archives	medium	people/resident-associates.md: how long was Dr. Bill an RA, the video, the Sallyport profile; people/core-team.md: Dr. Bill's span; places/wilson-house.md: Dr. Bill's dates; changes/2010s.md: why the Dr. Bill entry stops in 2015; sources/search-log.md: Dr. Bill Wilson
OQ-031		Confirm the current Core Team roster, 2023–2026	question	people/core-team.md; people/resident-associates.md; people/masters-and-magisters.md; changes/2020s.md	The wiess.rice.edu Core Team page is empty in every capture. The O-Week books carry the roster to August 2025 (Cunha and Santos as Magisters; the Mullens and Carissa and Nick as RAs). Open: when Esther Fernández left (2023 likely), and the 2026 roster.	wiess-rice-edu-coreteam; wb 20241006035649 https://wiess.rice.edu/government/coreteam; oweek-2025 p.60; oweek-2025 p.30; oweek-2024 p.59; oweek-2024 p.30; wb 20230114014600 http://teamwiess.com/government/ateam; wiess-rice-edu-associates-2025	The rendered wiess.rice.edu Core Team page; College Coordinator; the 2026 O-Week book	people; web-archive	medium	changes/2020s.md: Core Team page; people/core-team.md: current roster, when Esther Fernández left; people/resident-associates.md: RAs after January 2023; people/masters-and-magisters.md: 2026
OQ-032		Compile the College Idiots by year and check the office continues	question	people/college-idiot.md; traditions/pumpkin-caroling.md	"The record runs from 1977 (Thresher) through the 2017 glossary. Sources differ on one Idiot or several (one a year 2003–2010; an upperclassman and a freshman from 2014) and on ""elected"" versus ""conferred"". Not found yet: a list by year, any Idiot before 1977, whether it is still elected, and whether it was ever in a Constitution or Bylaw."	thresher-1977-09-08-college-idiot; thresher-1980-11-13-college-idiot-pumpkin; handbook-1994; riceinfo-pumpkin; oweek-2014 p.102; oweek-2015 p.119; oweek-2017 p.15; gov-repo	Cabinet minutes (Woodson Research Center, Wiess College Records (UA 0079)); Thresher Halloween coverage before 1977; Campanile; current Internal VP	people; traditions; dates	medium	people/college-idiot.md: one Idiot or several, elected or conferred, still elected?, any Idiot before 1977, ever in a Constitution; traditions/pumpkin-caroling.md: list of College Idiots by year, one Idiot or several
OQ-033		Find the Wiess Historians' work and who held the office	question	people/historians.md; web/the-wiess-website-through-the-years.md; sources/wanted.md	The office has existed on paper since at least 1991. No photo archive, record book or history by a Historian has turned up yet. Open: holders before 2003 and 2018–2022, and whether any Historian deposited material at the Woodson.	rules-1991; constitution-1993; constitution-2026 p.8; wb 20120914230516 http://teamwiess.com/about.php; woodson-ua0079; gov-repo	"The 2012 ""Wiess Historian"" Facebook (facebook.com/wiess.historian); the Instagram named in the 2026 Constitution; Woodson Research Center, Wiess College Records (UA 0079); past Historians via O-Week Cabinet pages"	people; archives; web-archive; photos	medium	people/historians.md: where is the output, Woodson deposits, holders before 2003, holders 2018–2022, who kept the Constitution text; web/the-wiess-website-through-the-years.md: wiess.historian Facebook; sources/wanted.md: Historian output
OQ-034		Read the Trustees' 1948 tribute to Harry Wiess	lead	people/the-man.md; traditions/symbols.md	A tribute to the memory of Harry Carothers Wiess, 1887–1948 is at the Woodson and has not been read. It may also show the Wiess family arms that the college crest draws on.	riceinfo-theman	Woodson Research Center (catalogue search by title)	archives; people	medium	people/the-man.md: the Trustees' 1948 tribute; traditions/symbols.md: original Wiess family arms
OQ-035		Find where the Old Wiess cornerstone, plaques and portrait went	question	places/lore.md; places/old-wiess.md; places/commons.md; changes/1960s-1970s.md; people/the-man.md	"The 1999 groundbreaking promised to move ""medallions, plaques and original cornerstone"" to the new building. Delany's 2002 photos show a 1975 plaque with the Plutarch line about Socrates; why it was made in 1975 (perhaps the c.1974 commons remodel) is not established. The Old Wiess portrait of Harry Wiess is also not traced yet."	rice-news-1999-10-14-groundbreaking; rice-facilities-first-100-years; edesigns-old-wiess-2002; riceinfo-theman; rhc 2016-03-07 barbara-jordan-1977 comment by Krammit, 7 Mar 2016; wb 19980131012133 http://riceinfo.rice.edu/projects/colleges/wiess/college/index.html	Look around New Wiess (Commons, PDR, entrances); Rice Facilities; Thresher 1975 for a dedication; Woodson Research Center, Wiess College Records (UA 0079)	places; photos; archives	medium	places/lore.md: the cornerstone, where the cornerstone and plaques are; places/old-wiess.md: the 1975 plaque; places/commons.md: where the Harry Wiess portrait went; changes/1960s-1970s.md: the 1975 plaque; people/the-man.md: the Socrates line
OQ-036		Search the 1949–56 Thresher for Wiess Hall and the plan for colleges	lead	changes/1940s-1950s.md; places/old-wiess.md	The 1956–94 Thresher has been searched; 1949–56 has not. It covers the dorm, its naming, the move-in (the first fall 1949 issue may describe moving in before the building was finished) and the 1956 committee that planned the colleges (the riceinfo text gives it two sentences).	thresher-portal; rhc 2012-12-04 wiess-hall-construction-1949 comment by almadenmike, 5 Dec 2012; riceinfo-history	Portal to Texas History, Thresher 1949–56 (first fall 1949 issue ark metapth230815); Woodson Research Center, Wiess College Records (UA 0079) for the 1956 committee report	thresher; places; dates	medium	changes/1940s-1950s.md: Thresher 1949–56, the 1956 committee; places/old-wiess.md: the 1949 Thresher
OQ-037		Find out whether the 2011 Wilson House was a new building or a renaming	question	places/wilson-house.md; sources/wanted.md	"Sources give the Masters' house ""attached to the college"" (1994), ""on the Inner Loop"" (2003), ""right next door to Wiess"" (2006) and a ""new home of the Wiess Masters"" dedicated in 2011 (from a 2017 retrospective). Open: whether the 2006 and 2011 houses are the same building, and where the old Wiess House stood and when it came down."	riceinfo-masters; oweek-2003 p.4; oweek-2006 p.84; wiess-60th-faq-2017 p.4; oweek-2011 p.93; machado-silvetti-wiess; rhc 2011-05-06 friday-afternoon-follies-plus-a-campus-quiz comment by Richard Miller, 10 May 2011	Rice News 2011 and the 2011 Thresher (dedication); Rice Facilities; the @ricewilsonhouse captures	places; dates; thresher	medium	places/wilson-house.md: which building is which, was the 2011 house new, where the old Wiess House stood; sources/wanted.md: 2011 Wilson House dedication; sources/search-log.md: the Magisters' house
OQ-038		"Find whether the 1960s ""Academic Bowl"" game that named the Acabowl took place"	question	places/acabowl.md	"The only origin story for the name is ""Academic Bowl"", and the 1994 handbook hedges it (""reportedly""). ""Acabowl"" is in print by 1963. Sources also differ on where it was (the western courtyard, or ""the playing field between Wiess and Hanszen"")."	handbook-1994; thresher-1963-03-13-mel-lack; handbook-1972; thresher-1979-wiess-first-fifteen-years; wb 20040619001755 http://www.teamwiess.com/oweek/01-14%20intro.pdf p.8	The 1979 Thresher series; Campanile 1958–1963; alumni of the late 1950s	places; dates; thresher	medium	places/acabowl.md: did the Academic Bowl game happen, the name, where it was; sources/search-log.md: the 1960s Academic Bowl
OQ-039		Check whether the Team Wiess chant was heard before Beer Bike 1975	question	traditions/team-wiess.md; changes/1960s-1970s.md; changes/1980s.md	"The 7 April 1975 Thresher has Wiess chanting ""Wiess Team"" at Beer Bike, and the 2010 O-Week history dates the debut to 1975; the 1984 date (2002 Thresher) is too late. The 2003 history said ""around the time of Beer-Bike in 1974"", but one of its stated origins, The Longest Yard, came out in August 1974. Also open: who rewrote the history between the 2008 and 2010 books, and why."	thresher-1975-04-07-beer-bike; thresher-1985-04-12-beer-bike-history; oweek-2010 p.39; wb 20040416083807 http://www.teamwiess.com/oweek/35-44%20wiess.pdf p.3 (printed 37); oweek-2008 part 3 p.3; thresher-2002-02-01 p.11; lancaster-wiess-memorabilia	Thresher Beer Bike coverage, spring 1974; Lancaster's 1970s shirts; the 2009 O-Week book; Head Fellows of 2009–10	traditions; dates; thresher	medium	changes/1960s-1970s.md: Team Wiess chant 1974, 1975 or 1984; changes/1980s.md: Team Wiess chant 1984; traditions/team-wiess.md: when did it start, the words, who rewrote the history; sources/search-log.md: Team Wiess chant
OQ-040		Find the 1983 pig-iron War Pig statuette	question	traditions/warpig.md; sources/wanted.md	The 1983 statuette is the start of the War Pig as wiess.rice.edu and Rice Magazine date it. Whether it survives, and where, is not known to us yet.	maxham-pig-document; rice-magazine-2016-wiess-traditions	Ask Jeff Zweig '84; the Magisters' house; Woodson Research Center, Wiess College Records (UA 0079)	traditions; people; photos	medium	traditions/warpig.md: does the 1983 statuette survive; sources/wanted.md: the 1983 pig-iron statuette
OQ-041		Build a year-by-year table of Wiess Beer Bike results	question	traditions/beer-bike.md	"The books' ""since 1957"" has not been checked against the Thresher. The 1985 winners' table lists Wiess for 1958 (the drinking contest), 1975 and 1982. A full results table from the Thresher's April race reports would cover the rest."	thresher-1985-04-12-beer-bike-history; thresher-1958-05-09-beer-drinking; oweek-2010 p.39; oweek-2024 p.39; oweek-2006 p.51	Thresher April issues 1957–2012; ricethresher.org; Rice Program Council records; Campanile	traditions; thresher; dates	medium	traditions/beer-bike.md: winning, since 1957?, a full results table
OQ-042		Compile Battle Sows Powderpuff championships by season	disagreement	traditions/battle-sows-powderpuff.md	"Five titles are on record between 1995 and 2002. The books' own counts differ: ""four times"" in six years (2006), ""eight times"" in 15 years (2007–08), then ""more than any other college"". Also open: the exact wording of the 30 Sep and 7 Oct 1983 Thresher standings."	oweek-2006 p.41; oweek-2007 p.41; oweek-2008 part 3 p.6; oweek-2014 p.41; portal metapth245539 p.15	Thresher sports pages 1983–2010; Campanile; riceinfo images/sows/	traditions; thresher; disagreement	medium	traditions/battle-sows-powderpuff.md: how many titles, a season-by-season list, the 1983 standings; sources/search-log.md: Battle Sows championships
OQ-043		Find when Wiess began Pumpkin Caroling	question	traditions/pumpkin-caroling.md; changes/1960s-1970s.md; changes/1980s.md	Baker revived pumpkin caroling in 1965 and a Baker troupe sang at Wiess in 1966. Wiess carolers were photographed in 1969. The Thresher before 1994 reports Baker groups, not Wiess's own. When Wiess took it up, and when its route took the 1990s form, are open.	thresher-1966-11-03; rice-archives-pumpkin-caroling-1969; handbook-1994; riceinfo-pumpkin	Woodson photograph collection (the 1969 photo); Campanile 1966–1980; alumni of the 1970s	traditions; dates; photos	medium	changes/1960s-1970s.md: Pumpkin Caroling at Wiess; changes/1980s.md: when the route took its 1990s form; traditions/pumpkin-caroling.md: whose tradition first, when Wiess caroling first shows up; sources/search-log.md: Pumpkin Caroling
OQ-044		Find when DOME began	question	traditions/dome.md	Nothing written about DOME has been found since 2010, and the 2019–2025 O-Week books do not mention it. When it began, and whether the college or the Magisters have ever written about it, are open. The oral account (dress code, champagne custom) is already drafted (issues/drafts/01).	teamwiess-activities-2009; oweek-2019 p.31; oweek-2025 p.38; woodson-ua0079	"2007–08 Cabinet minutes; Thresher 2000–2012 (""DOME party"" Wiess); the Wiess GroupMe; Social VPs"	traditions; dates	medium	traditions/dome.md: when DOME began, what DOME is like now, whether the college has written about it
OQ-045		"Check the ""Rites of Spring"" origin story for NOD"	question	traditions/night-of-decadence.md	"NOD's start in 1972 is settled. The 2005 NOD site says it began as a spring ""bring-your-own-mattress party called 'Rites of Spring'""; that has not been searched for in the Thresher."	ricenod-site-2005; thresher-1975-11-03-nod-fourth-annual	"Thresher spring 1970–1973 (""Rites of Spring""); Lancaster's 1970s flyers; alumni of 1972–75"	traditions; thresher; dates	medium	traditions/night-of-decadence.md: Rites of Spring, Rites of Spring link; sources/search-log.md: NOD's origin
OQ-046		Compile NOD themes year by year and trace the themes graphic	question	traditions/night-of-decadence.md; traditions/motel-6.md	"An undated themes graphic matches every dated theme we have, though its ""1997"" motel party is 1977. An alumnus gives ""Motel Wiess… Sanitized for your protection!"" to the late 1980s, which the graphic gives to 1977. Not found yet: where the graphic came from and the themes of 2012–2022."	thresher-1977-10-13-wiess-palms; thresher-2023-10-50-years; portal metapth245573 p.27; portal metapth246631 p.4; ricenod-site-2005; rhc 2012-12-04 wiess-hall-construction-1949 comment by George Webb, 5 Dec 2012; lancaster-wiess-memorabilia	Social VPs; Thresher NOD coverage 1976–1997 and 2012–2022; NOD shirts and flyers; the Wiess GroupMe	traditions; dates; thresher	medium	traditions/night-of-decadence.md: themes, where the graphic came from, themes 2012–2022; traditions/motel-6.md: which NOD, which year
OQ-047		Read the Thresher's NOD coverage for 1976–1997 and 2012–2022	lead	traditions/night-of-decadence.md	"The 1976–1997 Thresher has not been read for NOD in full (band line-ups, the Rites of Spring link); NOD coverage of 2012–2022 on ricethresher.org is unread. Some Thresher pieces would not load: the RWRC ""Breathing Room"" letter (Oct 2014), ""The only lack of dignity at NOD was Chi Alpha's"" (Nov 2017), the 2015 CTIS survey reports, and ""'The spirit of success': Drinking in Rice history"" (Oct 2025)."	thresher-portal; thresher-web	Portal to Texas History, Thresher Oct–Nov issues 1976–1997; ricethresher.org (via a browser); Fondren's digital Thresher	thresher; traditions	medium	traditions/night-of-decadence.md: Thresher 1976–1997, NOD 2012–2022 coverage; sources/wanted.md: Thresher pieces not found, the spirit of success
OQ-048		Date when College Night became dinner plus Entertainment	question	traditions/college-night.md; changes/1980s.md	"In 1957–64 College Night was a formal dinner with a guest speaker; waiters were paid for it by 1978. The 1990s dinner-and-Entertainment form was ""Older Than Time"" in 1997. When it took that form is open."	thresher-1957-04-12-college-nights; thresher-1961-03-17-college-night; portal metapth245371 p.16; riceinfo-collegenight; riceinfo-traditions-1997	Thresher 1965–1995 (College Night notices); Campanile; alumni of the 1970s–80s	traditions; dates; thresher	medium	changes/1980s.md: when College Night took its 1990s form; traditions/college-night.md: when the dinner-and-Entertainment version began
OQ-049		"Find what the 1992 ""Secession"" documents are"	lead	traditions/hanszen-rivalry.md; changes/1990s.md; people/resident-associates.md	"Bill Wilson's papers, received by the Woodson in 2021, include documents labelled Wiess–Hanszen ""Secession, 1992"", which the Rice archivist could not yet identify in 2021. Not yet transcribed. Also check whether the Woodson has processed his papers and recordings."	rhc-2021-11-15-secession-1992; rhc 2021-11-15 secession-1992; woodson-ua0079	Woodson Research Center (Bill Wilson papers); Thresher 1992; alumni of 1992	archives; traditions	medium	changes/1990s.md: Secession, 1992; traditions/hanszen-rivalry.md: what the 1992 Secession documents are, how old; people/resident-associates.md: Woodson processing of the Wilson materials; sources/search-log.md: Secession 1992
OQ-050		Describe today's Housing Jack rules and the cup game's origin	question	traditions/housing-jack.md	"The 2024 Thresher describes the ""Almost-Pong Game"" and entering in pairs, neither of which is in the 2008 or 2013 rules. Open: when the cup game started and who invented it; how many service hours count and who signs off; whether draws are split by gender; whether Presidential Privilege is in force; and how many freshmen are bumped each year. The books say service points are ""necessary""; the 2013 rules and 2024–25 books say they improve your odds."	thresher-2024-03-kicked-off-campus; housing-rules-2013 §I; housing-rules-2013 §II; oweek-2014 p.102; oweek-2024 p.34; oweek-2025 p.35	Housing Reps; the current Housing Rules if any; Wiess GroupMe; Thresher	traditions; governance	medium	traditions/housing-jack.md: cup game start, service hours, gender split, Presidential Privilege, freshmen bumped, necessary or helpful, pairs; governance/rules.md: when did the Almost-Pong Game start
OQ-051		Find when JamFest began and when the last one was held	question	traditions/jamfest.md; traditions/wiess-day.md; changes/2010s.md	The 1987 Thresher notice is the earliest found. JamFest is in the 2011 glossary and not in 2014, and the 2012 and 2013 books are not held. Wiess Day (2008) absorbed it by 2014. The 2002 and 2003 line-ups (Bowling for Soup, per the 2003 book) are not confirmed yet.	thresher-1987-03-20-jamfest; oweek-2011; oweek-2014; oweek-2011 p.46; oweek-2003 35-44 wiess.pdf p.9	Thresher spring 1980–1987 and 2002–2014; O-Week books 2012–13; teamwiess.com JamFest pages; Social VPs	traditions; dates; thresher	medium	changes/2010s.md: when was the last JamFest; traditions/jamfest.md: began in 1987 or earlier, 2002–03 line-ups, the last JamFest, Bowling for Soup; sources/search-log.md: Wiess Day vs JamFest
OQ-052		Find who drew the Wiess arms and when they were first used	question	traditions/symbols.md	"The crest has an eagle's head, wings and front legs and a lion's back half (a griffin), but no college source names it or its designer. The 1997 webmaster was unsure of the Wiess family's original colors (""blue and white (???)""). Also open: whether a 1950s blazer or crest patch survives."	wb 19980131012032 http://riceinfo.rice.edu:80/projects/colleges/wiess/college/crest.html; riceinfo-theman	Thresher 1957–58; Campanile 1958–60; the Trustees' 1948 tribute; Woodson Research Center, Wiess College Records (UA 0079); alumni of the 1950s	traditions; archives; photos	medium	traditions/symbols.md: who drew Wiess's arms, original arms, blue and white, blazer or crest patch
OQ-053		Date when goldenrod became the Wiess color	disagreement	traditions/symbols.md; traditions/o-week.md	"Four accounts: brown and green, then goldenrod in the 1980s (2006 book); gold from ""the early days"", becoming goldenrod in the '80s ""probably through a joke"" (2010 book); black and gold (1994); goldenrod (from 2003). The books also differ on 1950s beanies: green (2006) or goldenrod and navy (2010)."	oweek-2006 p.38; oweek-2010 p.38; handbook-1994; oweek-2003 p.4; oweek-2006 p.37	Campanile 1958–1990 (color photos, shirts); Thresher; alumni of the 1950s and 1980s	traditions; disagreement; dates	medium	traditions/symbols.md: which colors, the beanies, when goldenrod replaced gold; traditions/o-week.md: how goldenrod happened
OQ-054		Find who founded Tabletop Theatre	disagreement	traditions/tabletop-theatre.md; changes/1960s-1970s.md	"A 1979 Thresher history credits president Tom Bertrand (1967–68) with establishing the Wiess Table Top Theater that staged Hello, Hamlet! But ""Wiess Tabletop Theatre"" is producing Doctor Faustus in 1966, after Antigone in 1965–66. Bertrand probably reorganized or named it. How the name ""Tabletop"" arose is also open."	thresher-1979-wiess-first-fifteen-years; thresher-1966-10-20-tabletop	Thresher 1963–1966 (Wiess drama); Campanile 1964–67; alumni of 1963–68	traditions; disagreement; dates	medium	changes/1960s-1970s.md: who founded Tabletop; traditions/tabletop-theatre.md: who founded Tabletop, the name
OQ-055		Find the origin of the Ubangee and its name	question	traditions/ubangee.md	"No source dates the first Ubangee or explains the word. The 1975 and 1985 Thresher uses (""Ubangi"", ""ubangiing"") do not name a college. Spellings vary: Ubangee, Ubange, Ubangi."	thresher-1975-12-01-ubangi; thresher-1985-04-23-ubangiing; wb 20050526073749 http://www.teamwiess.com/view.php?Page=history.php	Alumni of the 1960s–70s; Woodson Research Center, Wiess College Records (UA 0079); Thresher 1965–1975; Campanile	traditions; dates; oral-history	medium	traditions/ubangee.md: origin, spelling
OQ-056		Find what Talleyboo was	question	traditions/retired/talleyboo.md; changes/1960s-1970s.md; people/masters-and-magisters.md; sources/wanted.md	"The 1997 site lists Talleyboo as dying and expects readers to know it. One alum says a 1970s award ""for unusual grossness or depravity"" was ""called the Tallyboo, named for the former master"" Talmage; a 1968 April Fool Thresher has a master called ""Rue Tallyboo"". A second witness and the 1980s–90s form are needed."	riceinfo-traditions-1997; thresher-1968-04-01-tallyboo; rhc 2016-08-16 moving-in-the-rain-1957 comment by Kermit Lancaster, 23 Aug 2016	Alumni of the 1970s–early 1990s; Thresher 1980s–90s; Campanile	traditions; oral-history; thresher	medium	changes/1960s-1970s.md: Dangling and Talleyboo; people/masters-and-magisters.md: Talleyboo; traditions/retired/talleyboo.md: what it was, spelling, Thresher 1980s–90s; sources/wanted.md: what Talleyboo was; sources/search-log.md: Talleyboo
OQ-057		Find what the Dangle was and when it ended	question	traditions/retired/the-dangle.md; changes/1960s-1970s.md	"The 1997 site says to ""ask somebody who's already graduated"", which suggests it ended around the early 1990s; a 1976 Thresher personal threatens to ""dangle"" someone from the Campanile. What happened, how often, and what ended it (a rule, an accident, or the 2002 demolition) are open. The 1991 Rules and 1993 Constitution do not mention it."	riceinfo-traditions-1997; thresher-1976-11-22-freshman-waiting-reply; thresher-1990-11-09-strength-of-identity; rules-1991; constitution-1993	"The c.1990 paper ""Strength of Identity""; alumni of the 1980s and early 1990s"	traditions; oral-history; dates	medium	changes/1960s-1970s.md: Dangling; traditions/retired/the-dangle.md: when it died, exactly what happened, what ended it
OQ-058		Check the story of college grade rankings read aloud in the Commons	question		An alum says the university published grade averages by college and a Wiessman would read them from a Commons table, the Commons cheering when Wiess was near the bottom. The Thresher shows a 1958 Inter-College Council proposal for a trophy for the highest college grade average, and 1963–66 rankings of colleges by President's Honor Roll counts and percentages (Wiess usually 3rd–4th; 4th of 5 in Oct 1963; 4th of 6 in 1966). Grade averages by college have not been found yet in the Thresher 1957–2012.	portal metapth231085 p.4; portal metapth244894 p.6; portal metapth244970 p.1; portal metapth244978 p.10	Ask the alum for the year; registrar or Masters' memos in the Woodson Research Center, Wiess College Records (UA 0079); Campanile 1958–1970	oral-history; archives; thresher; traditions	low	new 2026-10-06 (maintainer); no site page yet
OQ-059		Look at images in the mirrors that nobody has examined yet	lead	traditions/battle-sows-powderpuff.md; traditions/retired/unnecessary-tie-day.md; traditions/retired/norse-night.md; traditions/jamfest.md; traditions/summit.md; traditions/college-night.md; traditions/pumpkin-caroling.md; traditions/o-week.md	Images in the riceinfo and teamwiess.com mirrors and on wiess.rice.edu have not been looked at: riceinfo images/sows/ (1999 champions), elvistie, norse1small, jamfest1; teamwiess.com JamFest posters and 1997/2005–07 photos; the O-Week cover images 2010–2023; wiess.rice.edu powderpuff2023, summit2023, collegenightpic2023, CollegeNight2024 and the 2023/2025 Pumpkin Caroling photos.	riceinfo-site; teamwiess-jamfest-site; wiess-rice-edu asset-manifest.json	The local mirrors under sources/manifests/; Wayback raw image URLs (id_); record what each shows in the bibliography	photos; web-archive	low	sources/search-log.md: images never examined; traditions/retired/unnecessary-tie-day.md: elvistie image; traditions/jamfest.md: photos unexamined; traditions/summit.md: summit2023 photo; traditions/pumpkin-caroling.md: 2023 and 2025 photos; sources/search-log.md: O-Week cover images
OQ-060		Mirror the Wiess Associates, Wiess Mentors and wiess.wordpress.com sites	lead	traditions/summit.md; traditions/beer-bike.md; traditions/tffw.md; places/wilson-house.md	"wiessassociates.rice.edu (83 URLs), wiessmentors.rice.edu (37) and wiess.wordpress.com (52) are in the Wayback Machine but not yet mirrored. They hold the Associates' traditions page (quoted here from the archive index), the 2014 Beer Bike ""Goldenrod Monkey"" post, the 2017 ""Team Fun Friday"" post and ""A Celebration of the Byrds 4/25"" (2016)."	wiessassociates-site; wiessassociates-site Team Fun Friday 2017	Wayback CDX for each host (from a personal machine); save into sources/manifests/	web-archive	low	sources/search-log.md: wiessassociates, wiessmentors, wiess.wordpress.com; traditions/summit.md: verify the Associates' traditions page; traditions/beer-bike.md: Goldenrod Monkey post; traditions/tffw.md: Associates' 2017 post; places/wilson-house.md: A Celebration of the Byrds
OQ-061		Check whether separate College Bylaws still exist after the merger	disagreement	governance/constitution-history.md; governance/index.md	"The merged form is in place by early 2025, but the 2026 Constitution still refers to ""the procedure set forth in the College Bylaws"" and to amending ""the Constitution, Bylaws, or Rules"". Leftover wording, or an unpublished Bylaws text? Related: Article X promises seven Standing Committees but lists items 1, 4, 5, 6 and 7."	constitution-2026 Art. IV §9; Art. XI §1; Art. XVI §1; constitution-hate-speech Art. X §1; constitution-2026 Art. X §1; constitution-2020 Art. VI §2	Ask the current Parliamentarian; Cabinet minutes on the 2026 revision	governance; disagreement	low	governance/constitution-history.md: are the Bylaws really merged, Article X committee numbering; governance/index.md: Bylaws
OQ-062		"Identify ""MMM, BVA, LMH"" in the 2008 Housing Rules"	question	governance/rules.md	"The 2008 Housing Rules carry the initials ""MMM, BVA, LMH"", probably the 2008–09 housing coordinator or committee. The text should also be added to the governance repository as housing-2008."	housing-rules-2008	O-Week books 2008–2010 Cabinet and reps pages; teamwiess.com 2008–09 reps captures	people; governance	low	governance/rules.md: who were MMM, BVA, LMH
OQ-063		Identify the January 2016 Constitution signatories	question	governance/constitution-history.md	The 2016 document is signed by Margaret Hodges Roddy and Michael John Passalacqua, names only. The 2020 texts are signed by that year's President and Chief Justice, which suggests the same two offices.	constitution-2016; constitution-2020; oweek-2019 pp.22–23	O-Week book 2015 and 2016 Cabinet pages; teamwiess.com 2015–16 cabinet captures	people; governance	low	governance/constitution-history.md: Roddy and Passalacqua
OQ-064		Date the switch from fortnightly to weekly Cabinet meetings	disagreement	governance/cabinet.md	"Glossaries 2003–2017 say ""every other Wednesday"" and 1998 says ""alternating Wednesdays""; the 2021 and 2023 pages say ""every Wednesday""; the 2026 Constitution requires only ""at least once a month"". The switch was probably 2017–2021; no source found yet says when."	oweek-2003 p.3; oweek-2017 p.14; riceinfo-cabinet-1998; teamwiess-cabinet-2021; wiess-rice-edu-cabinet-2023; constitution-2026 Art. IV §7	Cabinet minutes 2017–2021; 2018 and 2020 O-Week books; Secretaries of those years	governance; disagreement; dates	low	governance/cabinet.md: every other Wednesday or every Wednesday
OQ-065		Collect the Representatives lists for the years not found yet	question	governance/representatives.md; traditions/study-breaks.md; traditions/college-night.md; traditions/tffw.md; places/commons.md	Rep lists are not in hand for 1999–2004, 2007–2009, 2011, 2013, 2016, 2018–2019, 2022 and 2024–26. They would date when the Study Break Rep was dropped (after 2015), when College Night Reps began (by April 2017), whether TFFW has reps today, what the 2023 Music reps do, and what the Lilie, Remote and Positive Reinforcement reps did in 2020–21. How unnamed reps are chosen is not written down. The Firepit Rep is already drafted (issues/drafts/28).	riceinfo-cabinet-1998; wb 20140627224604 http://teamwiess.com/representatives.html; wiess-rice-edu-representatives-2023; constitution-hate-speech Art. VII §1; wb 20170421224901 http://teamwiess.com/profiles/reps/collegenightreps.jpg; wb 20150612230047 http://teamwiess.com/reps.html	"Cabinet minutes; the Notion ""Wiess Database""; O-Week books; teamwiess.com reps captures; the Internal VP"	governance; people; web-archive	low	governance/representatives.md: lists by year, Music reps, Lilie/Remote/Positive Reinforcement reps, who appoints; traditions/study-breaks.md: when the Study Break Rep was dropped; traditions/college-night.md: when College Night Reps were created; traditions/tffw.md: TFFW reps or budget today; places/commons.md: Friday music
OQ-066		Find exact start and end dates for Donato–Kalb and Gustin–Klein	question	people/masters-and-magisters.md	The Magisters page has these two terms only approximately; the page notes that a Thresher search would fix them.		Thresher announcements of Magister appointments; O-Week books; teamwiess.com captures	people; dates; thresher	low	people/masters-and-magisters.md: Donato–Kalb and Gustin–Klein
OQ-067		Find what the Parish and Dr. Bill grants fund and when they began	question	people/resident-associates.md	"The 2010 glossary lists Parish Grants for ""self directed travel abroad"" and a ""Dr. Bill Grant program"". Probably named for Dr. Parish and Dr. Bill, but no source found yet says so or gives start dates."	oweek-2010 p.91; oweek-2010 p.90	College Coordinator; Wiess Associates; Rice Development / gift records; Thresher	people; dates	low	people/resident-associates.md: the Parish Grants, the Dr. Bill Grant program
OQ-068		Fill in Wiess College Coordinators by year	question	people/core-team.md	"Not found yet: coordinators before 1994; when ""Secretary"" became ""College Coordinator"" (between 1994 and 1999); whether the 1994 ""Sue"" is Sue Gauthier; why Lorie Zepeda's 2007 term lasted a few months; and the handovers Nancy Letness to Ewart Jones (2012–13) and Ewart Jones to Jenny Toups (2021–24)."	handbook-1994; riceinfo-associates; oweek-2003 intro p.9; oweek-2007 p.10; wb 20080709214940 http://teamwiess.com/index.php?r=coordinator; oweek-2021 p.26; oweek-2024 p.32; wb 20231007011331 https://wiess.rice.edu/images/ateam/jenny.jpg	Rice HR/college office records; O-Week books 2012–13 and 2022–23; Woodson Research Center, Wiess College Records (UA 0079); ask the coordinators	people; dates	low	people/core-team.md: coordinators before 1994, coordinator handovers, Sue Gauthier, Lorie Zepeda's term
OQ-069		Find the Magister and RA search committee records	lead	people/core-team.md; sources/wanted.md	"Search records for the 2007 ""Master's Search Committee"", the Schaefers (2015–16), Cunha and Santos (2020–21), and the 2017 RA search are not in hand."	wb 20070709183121 http://teamwiess.com/index.php?module=page&page=representatives; teamwiess-ra-search-2017	College Coordinator; Dean of Undergraduates' office; past committee members	people; archives	low	people/core-team.md: search records; sources/wanted.md: Magister search committee records, RA search materials 2017
OQ-070		"Find out what ""DWE"" stood for"	question	people/college-idiot.md; traditions/pumpkin-caroling.md; sources/wanted.md	"The 1994 and 1997 pages pair ""DWE"" with the College Idiot as its opposite. No source found yet expands it or says whether it was a real election."	riceinfo-pumpkin; handbook-1994	Alumni of the 1980s–90s; the 1997 webmaster David Cunningham; Thresher Halloween coverage 1980–1997	oral-history; people; traditions	low	people/college-idiot.md: what DWE stands for; traditions/pumpkin-caroling.md: DWE; sources/search-log.md: DWE; sources/wanted.md: from people
OQ-071		Read the Rice History Corner Harry Wiess documents (1945 and 1950)	lead	people/the-man.md	Rice History Corner posted the 1945 alumni address and Twelve-Point Program PDF and, as images, Lovett's 1950 dedication remarks; neither has been read or transcribed. A commenter there says his family home became Rice's President's House, which has not been checked.	rhc 2020-05-20 harry-wiess-and-rices-first-strategic-plan-1945; rhc 2012-12-05 wiess-hall-dedication-1950; rhc 2020-05-20 harry-wiess-and-rices-first-strategic-plan-1945 comment by marmer01, 21 May 2020	ricehistorycorner.com posts (sources/manifests/ricehistorycorner.com); Rice property records for the President's House	people; archives	low	people/the-man.md: the 1945 address, Lovett's 1950 remarks, the family home
OQ-072		Find out whether the 2002 time capsule, sign and murals happened	question	places/new-wiess.md	"The 2001 dedication plan includes a time capsule, a ""children at play"" sign and dedication murals. Not confirmed yet whether they were made, or where they are."	wb 20011212095214 http://teamwiess.com:80/wiess_dedication.html	Thresher fall 2002; Rice News; the Magisters' house; College Coordinator; alumni of 2002–03	places; photos	low	places/new-wiess.md: time capsule, sign and murals
OQ-073		Date the additions to Old Wiess	question	places/old-wiess.md; places/commons.md; people/the-man.md	"Undated so far: the central-wing expansion funded by Olga Keith Wiess (and the size of her gift), the ""extra wings, a second Commons area, and a basement"", and the mezzanine and commons remodel remembered as ""probably 1974"". Which partner at Staub & Rather designed the 1949 building is also open."	riceinfo-theman; oweek-2006 p.36; rhc 2016-03-07 barbara-jordan-1977 comment by Krammit, 7 Mar 2016; rhc 2012-12-04 wiess-hall-construction-1949; rhc 2012-12-04 wiess-hall-construction-1949 comment by marmer01, 5 Dec 2012	Woodson Research Center, Wiess College Records (UA 0079); Rice Facilities building files; Thresher 1950s–70s; riceinfo.rice.edu/maps/space/37/wie.html captures	places; dates; archives	low	places/old-wiess.md: undated additions, architects; places/commons.md: when was the mezzanine built; people/the-man.md: Olga Keith Wiess's gift
OQ-074		Find the Machado and Silvetti design records for New Wiess	lead	places/new-wiess.md; places/commons.md	The architects' renderings (including a west-façade elevation) have not been found and cited; they would show the intended vines and room count (the architects say 228 beds, the project architect 230). The 2009 site suggests asking Dr. Dodds for stories about the design. Later vine history is already drafted (issues/drafts/26).	machado-silvetti-wiess; kirksey-wiess; wb 20090827020025 http://teamwiess.com/areas.php	Machado and Silvetti and Kirksey archives; Rice Facilities; ask Stan Dodds	places; photos	low	places/new-wiess.md: 228 or 230 beds, the vines' species and renderings; places/commons.md: Dr. Dodds's design stories
OQ-075		Check whether Hanszen used the new Wiess Commons in 2000–01	question	places/commons.md; places/new-wiess.md	The 2000 plan had Hanszen borrowing the new Wiess Commons during construction. Not confirmed yet whether it happened.	riceinfo-news-2000-lundin	Thresher 2000–01; Hanszen's web captures of 2000–01	places; thresher	low	places/commons.md: did Hanszen borrow the Commons; places/new-wiess.md: did Hanszen borrow the new commons
OQ-076		Trace Sparky's from the Old Wiess basement to the fourth floor of New Wiess	question	places/basement-and-sparkys.md; changes/1980s.md; traditions/night-of-decadence.md	"The 1994 handbook says Sparky's was built ""in ~1980""; the Thresher first has the name in October 1981. The name then does not appear from 1999 until 2010, when ""Sparky's"" is a fourth-floor room in New Wiess; the 2009 ""War room"" refit may be the same room. Open: when and why the name moved, what the 2009 refit cost, and when the Old Wiess game room was repainted black and gold. Today's use is already drafted (issues/drafts/27)."	handbook-1994 Sparky; thresher-1981-10-30-a-and-m-game; thresher-1981-12-04-sparky-letter; wb 19990219085339 http://riceinfo.rice.edu/projects/colleges/wiess/people/cabinet.html; oweek-2010 p.91; wb 20090903015953 http://teamwiess.com/cabinetminutes.php; oweek-2014 p.103	Thresher 1980–81; teamwiess.com 2009 Cabinet minutes; Cabinet budgets 2009–10; alumni of 1980–82 (George Hall)	places; dates; thresher	low	changes/1980s.md: Sparky's date; places/basement-and-sparkys.md: Sparky's date, where the name went 1999–2010, was the War room Sparky's, 2009 refit, repainting; traditions/night-of-decadence.md: when did the name move
OQ-077		Find when the Acatramp first appeared	question	places/acabowl.md; traditions/retired/acatramp.md	"The 1994 glossary is the first entry and the 1997 appeal calls it ""a long-standing tradition"". Also open: whether the 1997 appeal for trampoline parts raised anything. Why it ended is already drafted (issues/drafts/07)."	handbook-1994; wb 20010209124659 http://riceinfo.rice.edu:80/projects/colleges/wiess/other/trampphilanthropy.html	Campanile 1980s–90s photos; Thresher; alumni	places; traditions; dates	low	places/acabowl.md: when the Acatramp first showed up; traditions/retired/acatramp.md: when it first appeared, the 1997 appeal
OQ-078		Find when Jock Row started and ended	question	traditions/retired/jock-row.md; changes/1940s-1950s.md	"The 1994 text says only that Jock Row (the west wing) is defunct and that Wiess was ""never formally an athlete's dormitory"". It is not in the 1956–94 Thresher OCR. Also open: whether athletes were housed at Wiess informally, and whether the printed 1994 handbook says more."	riceinfo-history; handbook-1994; thresher-portal	Campanile 1950s–70s; Thresher 1949–1956; Rice Athletics history; the printed 1994 Freshman Handbook	traditions; places; dates	low	changes/1940s-1950s.md: when did Jock Row end; traditions/retired/jock-row.md: start and end, informal housing, printed handbook
OQ-079		"Find what ""the tower"" of Old Wiess was called after 2002"	question	places/lore.md	"The 1999 photo pages name ""the tower"" in Old Wiess. The later name, if any, has not turned up yet."	wb 19991011025731 http://riceinfo.rice.edu/projects/colleges/wiess/college/photos/tower.html	Alumni; Thresher and Rice History Corner comment threads	places; oral-history	low	places/lore.md: what the tower was called after 2002
OQ-080		Check whether a constitution ever had a Big Bang article	disagreement	traditions/big-bang.md; changes/1990s.md	"The 1997 site mourns ""that supposed article of the Wiess Constitution"" on Big Bang. The 1993, 2007, 2013, 2016 and 2017 texts and the 2010 Bylaws do not have one; the 2026 Constitution mentions Big Bang. A pre-1993 constitution may have had it, or it may be a campus legend."	riceinfo-traditions-1997; constitution-1993; gov-repo; constitution-2026 Art. V §1 (2); woodson-ua0079	Woodson Research Center, Wiess College Records (UA 0079) (pre-1993 constitutions)	traditions; governance; disagreement; archives	low	changes/1990s.md: was there ever a Big Bang article; traditions/big-bang.md: the constitutional article, pre-1993 constitution
OQ-081		Check whether Big Bang was held in 2014–2016	question	traditions/big-bang.md	"Big Bang is absent from the 2015 and 2016 O-Week books and returns in 2017 as ""whatever that is"". Whether it ran in those years is not established."	oweek-2014 p.43; oweek-2017 p.25	O-Week schedules 2014–2016; Head Fellows of those years; GroupMe/Facebook events	traditions; dates	low	traditions/big-bang.md: did it lapse, whether it was held in 2014–2016
OQ-082		Date the 1990s War Pigs, including the mylar pig	question	traditions/warpig.md; places/acabowl.md; traditions/battle-sows-powderpuff.md	"Pig #3 was last seen in 1996 and had ""seen better days"" by 1997. Not found yet: a photo and date for the 1997–98 mylar pig, the people in the mid-1990s pig photos, whether a black pig (deck slide 33, maybe 2002–04) outlived the orange one, and whether the 1986 Powderpuff game with the first pig is in the Thresher."	maxham-pig-document; warpig-core-deck slide 30; woodson-ua0079	George Fotinos and the late-1990s pig crew; Dr. Bill Wilson's papers at the Woodson; Campanile 1994–2000; Thresher 1986 and 1994–98 Beer Bike coverage	traditions; photos; dates	low	traditions/warpig.md: Pig #3, the mylar pig, black pig on slide 33; places/acabowl.md: who is in the mid-1990s War Pig photos; traditions/battle-sows-powderpuff.md: the 1986 Powderpuff game; sources/wanted.md: the 1997–98 mylar pig
OQ-083		Find the Wiess Beer Bike themes year by year	question	traditions/beer-bike.md	"Only 2012's ""Trojan Warpig / Beerseige our enemies!"" is recorded. A 2014 ""Goldenrod Monkey"" appears in the archive index, on a blog that is private."	campanile-2012	wiess.wordpress.com Wayback captures; Campanile; Beer Bike shirts; the Wiess GroupMe	traditions; web-archive	low	traditions/beer-bike.md: themes, the 2014 Goldenrod Monkey post
OQ-084		Find out why Willy Week became Piggy Week	question	traditions/beer-bike.md	"The name ""Willy Week"" runs 2006–2019 and ""Piggy Week"" from 2021, with the same definition. No source found yet says why the name changed."	oweek-2006 p.51; oweek-2019 p.19; oweek-2021 p.19	The 2020 O-Week book; Cabinet minutes 2019–21; students of 2019–21	traditions; dates	low	traditions/beer-bike.md: Willy Week or Piggy Week
OQ-085		Find what Beer Bike chuggers drank in the 1990s	disagreement	traditions/beer-bike.md	"The 1997 page guessed ""beer with the alcohol boiled out of it""; 2006, 2016 and 2024 say water. Whether practice changed, or the 1997 guess was wrong, is open."	riceinfo-beerbike; oweek-2006 p.51; owlmanac-2016 p.43; oweek-2024 p.39	Rice Program Council Beer Bike rules by year; Thresher Beer Bike coverage 1985–2005	traditions; disagreement	low	traditions/beer-bike.md: what do the chuggers drink
OQ-086		Find the real year of the Jones bike jack	question	traditions/beer-bike.md	The Beer Bike page mentions a jack of Jones's bike whose year is not settled.		Thresher Beer Bike weeks; alumni	traditions; dates	low	traditions/beer-bike.md: the Jones bike jack's real year
OQ-087		Find out what Fort Wiess looked like and who built it	question	traditions/fort-wiess.md; traditions/beer-bike.md	"Only the 2002 Thresher captions name the fort, built under the balloon pig. Open: its look, builders and name; whether it was one season or two (2001–02); whether the 2001 or 2002 Campanile photographed it; and whether it was the same Beer Bike as the 2001 ""giant Macy's parade-style balloon""."	thresher-2002-04-05 p.6; campanile-1999 p.238; campanile-2012 p.172	Thresher 6 April 2001 and 5 April 2002, read in full; Campanile 2001 and 2002; alumni of 2001–02	traditions; photos; thresher	low	traditions/fort-wiess.md: what it looked like, one season or two, Campanile; traditions/beer-bike.md: Fort Wiess and the 2001 balloon
OQ-088		Sort out which pumpkin carols are Wiess's own	disagreement	traditions/pumpkin-caroling.md	"Wiess claimed the carols in 1994 and 1997; in 1999 the page said most were Schulz's. Which of the nine 1997 carols are local is open (""We the Clowns of Wiess College"" at least is Wiess's), and so is whether the 1969 lyric sheets are Wiess's, Baker's or Schulz's."	handbook-1994; riceinfo-pumpkin; rhc 2016-10-28 friday-follies-halloween-1969; rhc 2019-10-30 im-dreaming-of-the-great-pumpkin-1969	Compare the 1969 Woodson photograph and the Rice History Corner lyric-sheet scans with the 1997 carols; Baker College traditions	traditions; disagreement; archives	low	traditions/pumpkin-caroling.md: whose carols, the 1969 lyric sheets; sources/search-log.md: separate Schulz's verses from Wiess's
OQ-089		Check today's Pumpkin Caroling route	question	traditions/pumpkin-caroling.md	"The last full route on record is 1997, with the President's house and Willy's statue; from 2006 the books say ""the other colleges"". Who runs it has moved from the Executive VP (1998) to the Internal VP (2003)."	riceinfo-pumpkin; oweek-2003 p.4; oweek-2006 p.84; oweek-2015 p.24	Current Internal VP; Wiess GroupMe; the 2023 and 2025 wiess.rice.edu photos	traditions	low	traditions/pumpkin-caroling.md: does the route still include Willy's statue and the President's house, who runs it, the President's house
OQ-090		Find the Playboy list that named NOD	question	traditions/night-of-decadence.md	The O-Week books and the 2005 NOD site repeat from 2003 to 2021 that Playboy listed NOD among top college parties, never with a year or issue.	oweek-2003 p.4; ricenod-site-2005; oweek-2017 p.33; oweek-2019 p.33; oweek-2021 p.38	Playboy indexes (college party lists, 1980s–2000s); Thresher items reporting the listing	traditions; needs-source	low	traditions/night-of-decadence.md: Playboy, the Playboy list
OQ-091		Read the 1999 NOD record: committee report, survey and Houston Press	lead	traditions/night-of-decadence.md; sources/wanted.md	"The 1999 Presidential Committee on NOD's full report is not in hand; its confidential survey was ""put on hold"" and may never have run; the Houston Press article ""NOD So Naughty"" (October 1999) has not been read."	thresher-1999-03-19-ad-hoc-report; thresher-1999-05-25-board; portal metapth246659 p.7	Woodson Research Center, Wiess College Records (UA 0079) and Rice President's office records for 1999; Houston Press archive (October 1999)	traditions; archives	low	traditions/night-of-decadence.md: the 1999 survey, Houston Press article; sources/wanted.md: 1999 Presidential Committee report
OQ-092		Find any College Night Freshman Song lyrics	question	traditions/college-night.md	The 1999 page describes a Freshman Song in the College Night show and asked for lyrics; none were posted.	riceinfo-collegenight	Alumni of the 1990s; Campanile; Tabletop or College Night programs	traditions; oral-history	low	traditions/college-night.md: Freshman Song lyrics
OQ-093		Find when FilmFest began and whether it still runs	question	traditions/filmfest.md	The Thresher 1956–January 1994 has no 24-hour FilmFest, only the 1965 and 1975 film series. The last description is 2017; the 2019–2025 books do not mention it. No book names who ran it.	thresher-1965-09-30-film-festival; portal metapth245231 p.12; handbook-1994; oweek-2017 p.32	Alumni of the 1980s–90s; current students; Cabinet budgets; Thresher 1994–2012	traditions; dates	low	traditions/filmfest.md: when it began, does it still run, who ran it
OQ-094		"Find how old ""Hanszen sucks"" is"	question	traditions/hanszen-rivalry.md; traditions/retired/what-time-is-it.md	"1999 is the earliest source and already calls it ""traditional"". The 1961 water war is the oldest Hanszen–Wiess scuffle in print, but it involved other colleges. The ""What time is it?"" comeback is ""in times past"" in 1999."	riceinfo-hanszensucks; thresher-1961-04-07-water-wars	Thresher 1960–1999; alumni; Hanszen's 1997 website	traditions; dates	low	traditions/hanszen-rivalry.md: how old is it, when Hanszen sucks entered Wiess speech; traditions/retired/what-time-is-it.md: when it started
OQ-095		Date the Hanszen corridor jack	question	traditions/hanszen-rivalry.md	"The books say only ""While Hanszen's Commons was being built""; the shared servery opened in 2002, so probably 2002–03."	oweek-2006 p.52; kirksey-wiess	Thresher 2002–03; Hanszen alumni and web captures	traditions; dates; thresher	low	traditions/hanszen-rivalry.md: when was the corridor jack, its exact date
OQ-096		Save Hanszen's traditions page and date its Wiess-related customs	lead	traditions/hanszen-rivalry.md; traditions/battle-sows-powderpuff.md	"hanszen.rice.edu/about/traditions describes a ""Weiss Wall"", a Jailbreak and a roast pig, and is undated with no Wayback capture yet. No Wiess source mentions the Wall or Jailbreak."	hanszen-traditions	Save Page Now for hanszen.rice.edu/about/traditions; Hanszen's 1997 site (www.hanszen.rice.edu/History/); Thresher	web-archive; traditions	low	traditions/hanszen-rivalry.md: the Weiss Wall, when Hanszen's roast pig, Jailbreak and wall began; traditions/battle-sows-powderpuff.md: archive Hanszen's roast-pig line; sources/wanted.md: hanszen.rice.edu
OQ-097		Find the date of the first Wiess Day	question	traditions/wiess-day.md	The 2015 website says spring 2008, and the 2008 book describes it as new. The exact date, whether the Thresher covered it, and who the 2007–08 Social VPs were are open.	wb 20150313224552 http://teamwiess.com/traditions.html; oweek-2008 part 3 p.8; oweek-2008 part 3 p.4	2008 Cabinet minutes; Thresher spring 2008; O-Week book 2008 Cabinet page	traditions; dates	low	traditions/wiess-day.md: date of the first Wiess Day, 2007–08 Social VPs
OQ-098		Find when Summit began and where the boat goes	question	traditions/summit.md	"The earliest mention is the 1999 Cabinet page (the 1994 handbook's ""Summit"" is the Houston arena). The boat started by fall 2007 per the 2008 minutes. Open: Summit's first year, and which boat club and beach it uses (the 2008 minutes also float ""Treasure Island"")."	riceinfo-cabinet; wb 20080903215453 http://teamwiess.com/index.php?r=lastnotes; woodson-ua0079	1999 Cabinet minutes; Woodson Research Center, Wiess College Records (UA 0079); Cabinet budgets; the President and Internal VP	traditions; governance; dates	low	traditions/summit.md: when Summit began, which boat club and beach
OQ-099		Compile the Tabletop Theatre show list	question	traditions/tabletop-theatre.md	Only a few seasons out of sixty are known. The Thresher mentions Hello, Hamlet! in 1969, 1972, 1976, 1980, 1984, 1988 and 1992, not yet checked one by one; a 2008 run is implied by the cycle. The 2014 book and website disagree on the 2012–14 shows. Dr. Bill's recordings are said to be in Fondren.	thresher-1972-10-19-hello-hamlet-revival; oweek-2014 p.42; oweek-2014 p.102; wb 20140704224725 http://teamwiess.com/glengarry-glen-ross.html; wb 20140704224728 http://teamwiess.com/into-the-woods.html; wb 20140704224732 http://teamwiess.com/hello%2c-hamlet.html	Thresher arts pages; Campanile; Fondren / Woodson (Dr. Bill's recordings); Tabletop's own records	traditions; thresher; archives	low	traditions/tabletop-theatre.md: full show list, Dr. Bill's recordings, which shows 2012–14, 2008 run, empty Hello Hamlet page
OQ-100		Find who changed the Ubangee to a jumping circle in 2015–17	question	traditions/ubangee.md; traditions/team-wiess.md; traditions/retired/the-dangle.md	"A pile from 1999 to 2016; ""a slightly modified form"" from 2015; a jumping circle in 2017. Nobody is named, and the change may predate 2015 (the 2012–13 books are not held). Whether it still happens after 2017 and when the three slow ""TEAM WIESS"" cries became fixed are also open."	riceinfo-ubangee; oweek-2015 p.10; oweek-2016 p.11; oweek-2017 p.31; oweek-2025 p.38; wb 20040416083807 http://www.teamwiess.com/oweek/35-44%20wiess.pdf p.6 (printed 40)	Head Fellows 2014–2017; O-Week books 2012–13; current students	traditions; dates	low	traditions/ubangee.md: pile or circle, the 2015–17 change, does it still happen; traditions/team-wiess.md: when the three slow cries became fixed; traditions/retired/the-dangle.md: Ubangee in a modified form
OQ-101		Find when the Baker 13 water defense began and whether it continues	question	traditions/baker-13-defense-force.md	"1997 is the earliest word and already sounds established. In 2015 the books dropped the water and added an invitation; nothing after 2014 says the water continued. The ""freshman sacrifice"" story is already drafted (issues/drafts/10)."	riceinfo-traditions-1997; oweek-2015 p.120; thresher-web	Thresher Baker 13 coverage 1985–1997 and 2009 on; alumni	traditions; dates; thresher	low	traditions/baker-13-defense-force.md: when Wiess first met Baker 13 with water, whether water is still thrown, the 2008 page
OQ-102		Find copies of the WiessCrack	lead	traditions/retired/wiesscrack.md	The Woodson holds at least the 1968 issue (image files suggest 29 Feb 1968, the post says fall 1968). Open: any other issues, when the last came out (the page was live in 1999 and 2001, gone by 2003), whether the 1960s newsletter and the 1990s annual parody are the same thing, and who Jeremy Hart (the 1999 page's author) was.	rhc 2015-01-23 friday-follies-wiess-crack; handbook-1994; riceinfo-crack; thresher-1970-09-03-wiess-crack; thresher-1972-08-25-wiess-crack; woodson-ua0079	Woodson Research Center, Wiess College Records (UA 0079); alumni of the 1990s	archives; traditions	low	traditions/retired/wiesscrack.md: any actual issue, last issue, Jeremy Hart, one paper or two, the 1968 date
OQ-103		Check the 1997 list's one-line traditions after 1999	question	traditions/retired/index.md; changes/1990s.md; traditions/retired/no-theme-wiess.md; traditions/retired/norse-night.md; traditions/retired/unnecessary-tie-day.md	The 1997 and 1999 lists name traditions with little else: The Princess Bride, Wiess Films, Four-square, No-Theme Wiess, Norse Night (any after 1991?), Unnecessary Tie Day (when, who declared it). Which died, and when, is open; any may have continued in 2000–2003.	riceinfo-traditions-1997; riceinfo-traditions-1999; riceinfo-norse; riceinfo-tieday; handbook-1994	"The 2003 glossary; Thresher 1996–2003; the 1997 and 1999 webmasters (David Cunningham, Ray Wagner); alumni of 1995–2003; Campanile (the ""Bloomie"" Norse Night photo)"	traditions; oral-history; dates	low	changes/1990s.md: which Dying Out traditions died; traditions/retired/index.md: named once, any kept going; traditions/retired/no-theme-wiess.md: what it was; traditions/retired/norse-night.md: after 1991, Bloomie photo; traditions/retired/unnecessary-tie-day.md: when held, who declared it
OQ-104		Find when the Freshman Weenie Roast began and why it stopped	question	traditions/retired/freshman-weenie-roast.md	1997 is the first mention, undated. Whether a roast happened in fall 2007 or 2008, and why it stopped, are open.	riceinfo-traditions-1997; oweek-2003 35-44 wiess.pdf p.8	2007–08 Cabinet minutes (teamwiess.com index.php?r=lastnotes); alumni	traditions; dates	low	traditions/retired/freshman-weenie-roast.md: when it began, fall 2007/2008, all-college cookouts
OQ-105		Find photographs of family-style dinner at Wiess	lead	traditions/retired/formal-dinner.md	Family style ended around 2004. No photographs of it in either building have turned up yet. Also open: whether the 1991 Headwaiter was elected, appointed or staff. The tables story is already drafted (issues/drafts/08).	oweek-2006 p.42; rules-1991 §V	Campanile 1980s–1990s; Dr. Bill Wilson's photographs at the Woodson; alumni	photos; traditions	low	traditions/retired/formal-dinner.md: photos of family style, the 1991 Headwaiter
OQ-106		Check whether Friday TGs ran at Wiess from the 1980s to 2014	question	traditions/tffw.md	TGs are at Wiess in 1981 and 1994, and TFFW is called a TG in 2017; no source between 1994 and 2014 mentions Friday TGs at Wiess. The 2014 reps list is the earliest date for the TFFW name. The naming story is already drafted (issues/drafts/15).	thresher-1981-09-04-wiess-day; handbook-1994; wb 20171108201719 http://teamwiess.com/60/; wb 20140627224604 http://teamwiess.com/representatives.html	Thresher 1994–2014; Social VPs; alumni of 1995–2014	traditions; dates	low	traditions/tffw.md: whether Friday TGs ran nonstop, when TFFW was coined
OQ-107		"Find the late-1980s ""Motel Wiess"" banner flight"	question	traditions/motel-6.md; places/old-wiess.md	"An alumnus remembers a plane towing ""Motel Wiess: Hourly Rates Available"" in the late 1980s. Also open: whether other colleges' ""Motel 6"" for New Wiess is in writing anywhere. The present-day story is already drafted (issues/drafts/06)."	rhc 2012-12-04 wiess-hall-construction-1949 comment by James Medford, 5 Dec 2012	Thresher football coverage 1986–89; Campanile 1987–90	traditions; thresher	low	traditions/motel-6.md: the banner flight, other colleges' Motel 6 in writing; places/old-wiess.md: nicknames
OQ-108		"Find the 1998 Campanile page calling Wiess ""O-Week rebels without a theme"""	lead	traditions/o-week.md	The 1998 Campanile is the oldest witness for Wiess having no O-Week theme, quoted secondhand by the 2024 Thresher. Also open: when the 1990s faculty advisor role ended and when the Coordinator became the Head Fellows. Themes and puns are already drafted (issues/drafts/16).	thresher-2024-02-oweek-themes; rhc 2018-01-31 when-did-it-become-o-week comment by Marty Merritt (Hanszen '84/85), 1 Feb 2018; wb 19990220014631 http://riceinfo.rice.edu:80/projects/colleges/wiess/rules/bylaws.html	Campanile 1998 (Fondren); O-Week books 1995–2005; the 4 Feb 2026 Thresher O-Week round-up	traditions; archives	low	traditions/o-week.md: the 1998 Campanile page, how old is no theme, faculty advisor and Coordinator
OQ-109		Record how Wiess ran in the 2020–21 pandemic year	question	changes/2020s.md; traditions/o-week.md; governance/representatives.md	"Cabinet ""now on Zoom!"" is the only trace found so far. How O-Week 2020 ran (in person, online, or both) and what the 2020–21 Remote rep did are open."	teamwiess-cabinet-2020; oweek-2021 p.73	The 2020 O-Week book; Cabinet minutes 2020–21; students of 2020–21; Thresher 2020–21	governance; traditions; oral-history	low	changes/2020s.md: the 2020–21 pandemic year; traditions/o-week.md: how O-Week 2020 ran; governance/representatives.md: Remote reps
OQ-110		Check for a Wiess web page before August 1997	question	web/the-wiess-website-through-the-years.md; sources/wanted.md	The Wiess site's pages are dated 11 Aug 1997, and the Wayback Machine's first Rice crawl was 1997, so 1997 is where the crawl starts, not necessarily the site. An earlier Wiess page or gopher menu is possible.	riceinfo-site	"Thresher 1994–97 (""home page"", ""Owlnet""); rice.* Usenet groups in Google Groups (from 1995); the 1990s webmasters (Cunningham, Abraham, Wagner, Leggett); the 1994–95 Freshman Handbooks; riceinfo.rice.edu/maps/space/37/wie.html"	web-archive; thresher; oral-history	low	sources/wanted.md: any Wiess web page before August 1997; sources/search-log.md: Before 1998
OQ-111		Name the Wiess webmasters and date the teamwiess.com and wiess.rice.edu eras	question	web/the-wiess-website-through-the-years.md	Webmasters of 2003–05, 2009–11 and 2014–17 are not named on the captured pages. From 2014 to about 2023 the college ran both teamwiess.com and wiess.rice.edu; which was official in a given year, and when teamwiess.com stopped being updated (last homepage version April 2023), are open. The forum's 2009 closing notice is not among the captures.	teamwiess-site; wb 20230428224815 http://teamwiess.com/; wb 20230915232631 https://wiess.rice.edu/government/cabinet	O-Week book Cabinet pages (Webmaster or Technology rep); WHOIS history for teamwiess.com; past Presidents	web-archive; people	low	web/the-wiess-website-through-the-years.md: webmasters 2003–05, 2009–11, 2014–17, when teamwiess.com stopped, two sites at once, the forum's death
OQ-112		Transcribe the 2003 Flash homepage of teamwiess.com	lead	web/the-wiess-website-through-the-years.md	The 2003 homepage is a Flash file that renders only through an emulator; its text and links have not been transcribed.	wb 20030206122151 http://www.teamwiess.com:80/	Ruffle or another Flash emulator on the Wayback capture; save the SWF	web-archive	low	web/the-wiess-website-through-the-years.md: the 2003 Flash homepage; sources/search-log.md: Flash homepage text
OQ-113		Read the Wiess social media captures	lead	web/the-wiess-website-through-the-years.md; places/wilson-house.md; people/historians.md	Captures of twitter.com/ricewilsonhouse (2016, 2020), twitter.com/teamfamilywiess, the wiess.historian Facebook page and the Instagram named in the 2026 Constitution have not been read.	constitution-2026 p.8; wb 20120914230516 http://teamwiess.com/about.php	Wayback captures of each account; ask the current Historian for the Instagram	web-archive; photos	low	web/the-wiess-website-through-the-years.md: Twitter, Facebook and Instagram captures; places/wilson-house.md: two @ricewilsonhouse captures; people/historians.md: Facebook and Instagram
OQ-114		Find when and how Wiess's gazilchers were banned	question	traditions/retired/gazilchers.md	"Alumni put gazilchers at Wiess through 1983–87, ""suppressed by the administration"" by about 1991, and ""a rusticatable offense"" by the early 2000s. We haven't found the rule or announcement itself, or its date. Also open: whether Wiess had a named slingshot crew like Hanszen's ""Artillery"", and photos of a gazilcher in use."	rhc 2011-04-15 friday-afternoon-follies-3; thresher-1961-04-07-water-wars	Thresher 1985–1995; the 1991 College Rules; Rice student handbooks of the late 1980s and 1990s; Rice History Corner 1960 images	traditions; dates; thresher	medium	traditions/retired/gazilchers.md: Arguments & loose ends (when the ban came; named crew; photos)
OQ-115		Find when Wiess started playing die, and its house rules	question	traditions/die.md	"The only printed Wiess trace so far is the 2025 O-Week book's ""die demon"". People say Wiess plays with water in the cups; we haven't found that in writing. Open: when Wiess started playing, its house rules, and any earlier mention in the Thresher or O-Week books."	oweek-2025 p.36	O-Week books 2003–2024 (Fellow profiles); Thresher 2000–2025; alumni and current Wiessmen	traditions; dates; oral-history	low	traditions/die.md: Arguments & loose ends
OQ-116		Find out what happened to the last Acatramp	question	traditions/retired/acatramp.md	"The trampoline is in every glossary through 2019 and not in the 2021 book. We haven't found who removed it, when, or why (an injury, an insurer, Rice Risk Management, Housing & Dining). The 1997 ""insurance liability"" line is the only written word on risk so far. Also open: whether the 1997 appeal raised anything, and whether other colleges had trampolines."	oweek-2019 p.14; oweek-2021 p.18; wb 20010209124659 http://riceinfo.rice.edu:80/projects/colleges/wiess/other/trampphilanthropy.html	Cabinet minutes 2019–2021; Wiess GroupMe; Housing & Dining; alumni of 2019–2021	traditions; dates; archives	medium	traditions/retired/acatramp.md: Arguments & loose ends
OQ-117		Check whether the traditions last seen 2017–2021 still run	question	traditions/index.md; traditions/ubangee.md; traditions/team-wiess.md; traditions/wiess-day.md; traditions/tabletop-theatre.md; traditions/tffw.md	"Several traditions are marked ""Last seen"" on the traditions index because the latest written mention is a few years old: the Ubangee (2017 description repeated through 2025), Wiess Day (2021), Tabletop Theatre (2024), the Team Wiess cheer (2024). A current Wiessman or the 2026 O-Week book could confirm each one in a few minutes. Also: whether TFFW has reps or a budget line today."	oweek-2017 p.31; oweek-2021 p.38; oweek-2024 p.24; oweek-2024 p.25; wiess-rice-edu-representatives-2023	The 2026 O-Week book; current Cabinet and Socials; the Wiess GroupMe; a rendered copy of wiess.rice.edu	traditions; status; current	high	traditions/ubangee.md, wiess-day.md, tffw.md: Arguments & loose ends (does it still happen?)
OQ-118		Find which study breaks run every year	question	traditions/study-breaks.md	"The books call the First-Year Reps' Christmas Tree Decorating Study Break ""Annual"" (2016–2021). Open: which study breaks recur every year, when the Study Break Rep was dropped (on the lists to 2015, gone by 2015–17), and whether its budget line went with it."	oweek-2016 p.26; oweek-2021 p.32; wb 20150313224645 http://teamwiess.com/representatives.html	Cabinet budgets 2014–2020; Wiess listserv and GroupMe announcements; RA and Associates newsletters	traditions; governance	low	traditions/study-breaks.md: Arguments & loose ends
OQ-119		Settle the colour of the 1950s Wiess beanies	question	traditions/symbols.md; traditions/retired/formal-dinner.md	"The 2003 and 2006 books say 1950s freshmen wore green beanies; the 2010 and 2014 books say ""goldenrod and navy beanies"". One of them is wrong. A photograph or a 1950s Thresher mention would settle it, and might help date the college colours."	oweek-2003 wiess p.2; oweek-2006 p.37; oweek-2010 p.38; oweek-2014 p.36	Rice History Corner beanie photos; Campanile 1958–1962; Thresher 1957–1962; Woodson UA 0079	traditions; symbols; photos	low	traditions/symbols.md and retired/formal-dinner.md: Arguments & loose ends (beanie colour)
OQ-120		Find where the Wiess darkroom was and when it closed	question	places/basement-and-sparkys.md	"The Bylaws list ""dark room equipment"" from at least 1999 to 2011; by 2020 it is gone and ""shirt-screening equipment"" is in. We haven't found where the darkroom was, in either building, or when it closed."	wb 19990220014631 http://riceinfo.rice.edu:80/projects/colleges/wiess/rules/bylaws.html; bylaws-2010 Art. III §2; bylaws-2020 Art. III §2	Cabinet minutes and budgets 2005–2020; Wiess papers at the Woodson; alumni photographers (Dr. Bill's era)	places; needs-source; archives	low	places/basement-and-sparkys.md: where the darkroom was
OQ-121		Find photos of Sparky's, in Old Wiess and New Wiess	question	places/basement-and-sparkys.md	"No photos of either Sparky's are in hand yet; Delany's 2002 Old Wiess captions don't cover the basement. Related: whether the Old Wiess game room replaced the 1957 basement ""library"", and which shirt-screen designs are stored in the New Wiess basement, and from which years."	delany-about-wiess-2002; wb 20040416083807 http://www.teamwiess.com/oweek/35-44%20wiess.pdf p.2; oweek-2014 p.102	Campaniles; Wiess papers at the Woodson; alumni photo albums; the basement itself	places; photos; archives	low	places/basement-and-sparkys.md: photos of either Sparky's, the 1957 library, shirt-screen designs
OQ-122		Date the New Wiess fixtures: Small Classroom, Acaglider and Acagrill	question	places/rooms-and-spaces.md; places/new-wiess.md	"The Small Classroom first appears on the 2015 map. The Acaglider and Acagrill are dated only to ""2008"" (alumni gifts). The 2014–17 website's ""Old Wiess"" and ""New Wiess"" pages are empty in every capture; whoever wrote them may still have the text."	oweek-2015 p.19; oweek-2010 p.39; wb 20140627224504 http://teamwiess.com/	Cabinet budgets and minutes 2007–2015; Capital Improvements rep records; teamwiess.com authors 2014–17	places; dates; archives	low	places/rooms-and-spaces.md: when the Small Classroom was created; places/new-wiess.md: Acaglider and Acagrill dates, empty 2014–17 pages
OQ-123		"Find out what the ""Pleasure Palace"" was"	question	people/resident-associates.md	"The 1994 glossary says of former RA John Bennett: ""Ask him about the 'Pleasure Palace' sometime."" We haven't found what it was."	handbook-1994	Thresher 1970s–1990s; alumni of the 1980s–90s; Wiess papers at the Woodson	people; lore; oral-history	low	people/resident-associates.md: the Pleasure Palace
OQ-124		Find who decided that Wiess would go coed in 1983, and whether there was a vote	question	changes/1980s.md	"The 2002 Thresher feature gives only ""spring 1983"" for Wiess going coed. Who decided, and whether Cabinet or the College voted, is not in the sources we have yet."	thresher-2002-02-01; thresher-portal	Thresher 1982–83 (digital.library.unt.edu page OCR); Woodson UA 0079 Cabinet minutes; alumni of 1982–84	dates; governance; thresher; archives	medium	changes/1980s.md: Going coed
OQ-125		Date the end of Freshman Waiting and the start of freshman service points	question	changes/2000s.md; governance/rules.md	Required in the 1991 Rules; still a Sophomore Rep job on the 1998 website; replaced by service points in the 2006 glossary and the 2007 Constitution; the 2003 O-Week book mentions neither, and the College Rules dropped it by 2012. The Formal dinner page puts the end of seated dinners around 2004. Find the year and the decision.	rules-1991 §VI; riceinfo-cabinet-1998; oweek-2006 p.84; constitution-2007 Art. III §4 I; college-rules-2012	Cabinet minutes 1998–2006; O-Week books 1999–2002, 2004, 2005; alumni of those years	traditions; dates; governance	medium	changes/2000s.md: When did Freshman Waiting end; governance/rules.md: When did Freshman Waiting end?
OQ-126		Date the second Cabinet Secretary seat	question	governance/cabinet.md	The February 2020 Constitution has one appointed, non-voting Secretary; the September 2023 roster and the c. early 2025 text have two. When was the second seat added?	constitution-2020 Art. III §13 B; wiess-rice-edu-cabinet-2023; constitution-hate-speech Art. VI §4 (2)	Constitution texts between February 2020 and early 2025; Cabinet rosters 2021–23; Parliamentarians of those years	governance; dates	low	governance/cabinet.md: When the Secretary became appointed and a second seat added
OQ-127		Decide whether to publish a selection of the Wiess homepage screenshots	lead	web/the-wiess-website-through-the-years.md	The working corpus holds 409 screenshots, one per distinct homepage version 1998–2026, with homepage-history/index.tsv giving each one's Wayback URL. They live outside this repository; publishing a selection needs a rights decision (see docs/contributing/rights.md).		working corpus homepage-history/; docs/contributing/rights.md	web-archive; photos	low	web/the-wiess-website-through-the-years.md: The screenshot series
OQ-128		Check the 1968 start date for JamFest	question	traditions/jamfest.md	A 21 Apr 2006 Thresher feature called that year's show "the 38th Jamfest" and placed "the very first Jamfest" in 1968. The earliest JamFest found so far is March 1987, billed as "an open musical talent show" in the Commons, and 1992 ads say "JAMFEST RETURNS". A Thresher scan of 1980–86, and of Feb–May 1966–79, has not turned up an earlier one. Find whether a Wiess spring music event ran before 1987.	portal metapth443062 p.9; thresher-1987-03-20-jamfest; portal metapth245802 p.24	Thresher fall issues 1966–79; Campanile yearbooks 1968–75 and 1987–2005; Wiess alumni of the late 1960s and 1970s; Woodson Wiess papers	traditions; dates; needs-source; thresher	medium	new 2026-10-06 (jamfest findings)
